samp_id,sc_id,mc_id,day,treatment,mc_round,age,final_fecal_volume_mL,gene_count_per_microlitre_feces,qpcr_complete,genecount_1µL_qpcr,genecount_total_predf,genecount_total,total_seq,Enterobacteriaceae_ng,Enterococcus,Pseudomonas,Paenibacillus,Cellulosimicrobium,Stenotrophomonas,Bombilactobacillus,Priestia,Mixta,Lactobacillus,Rhizobium,Delftia,Bifidobacterium,Snodgrassella,Sphingomonas,Lysinibacillus,Curtobacterium,Roseomonas,Sphingobacterium,Paracoccus,Comamonadaceae_ng,Apilactobacillus,Dermacoccus,Schmidhempelia,Bombiscardovia,Schmidhempelia,Stenotrophomonas,Rhodococcus,Delftia,Dermacoccus,Methylorubrum,Meiothermus,Stenotrophomonas,Roseomonas,Acinetobacter,Commensalibacter,Arsenophonus,Comamonas,Klebsiella,Enterococcus,Acetobacter,Sphingobium,Brevundimonas,Lachnoclostridium,Leucobacter
M10D0,2,10,0,1 ng/mL,1,1,0.16045,952160.2499,yes,203698.8162,10184940.81,152774112.1,27478,0,0,0,0,0,0,6431379.808,0,0,11009915.73,0,0,2128779.115,0,0,0,0,0,0,0,0,0,0,0,0,16612892.04,0,0,0,0,0,0,0,0,0,0,0,0,0,0,0,0,0,0,0
M10D14,2,10,14,1 ng/mL,1,1,0.16747,16561761.18,yes,3698130.86,184906543,2773598145,24165,38431644.29,770893.6615,50306731.89,705272.9553,0,0,11678610.12,0,491903.5745,30796265.78,0,0,3653577.545,0,0,0,1576613.767,0,26432995.56,0,0,0,0,0,788172.0755,5538014.294,62962711.87,0,0,0,0,0,216757957.5,143471.9914,118289342.6,0,0,20834019.17,0,0,0,0,0,0,0
M10D3,2,10,3,1 ng/mL,1,1,0.09878,2614810.68,yes,344387.9986,17219399.93,258290999,27524,215375.3143,0,0,0,0,0,13618834.92,0,0,26300890.09,0,0,3091435.015,0,0,0,0,0,0,0,0,0,0,0,0,11277474.48,0,0,0,0,0,0,0,0,2916108.27,0,0,0,0,0,0,0,0,0,0
M10D5,2,10,5,1 ng/mL,1,1,0.09573,8032701.389,yes,1025294.005,51264700.26,768970504,36042,537756.9886,0,7565.742631,0,0,0,3184308.587,0,0,6475250.145,0,0,756029.1691,0,0,0,0,0,0,0,0,0,0,0,0,1210784.045,0,0,0,0,0,0,0,0,106677002.4,0,0,0,0,0,0,0,0,0,0
M10D8,2,10,8,1 ng/mL,1,1,0.07844,805009.0196,yes,84193.20999,4209660.5,63144907.5,28100,250962.4087,9223.374009,369345.3568,3340.65974,0,0,1596038.1,0,0,4609431.208,0,0,314466.0007,0,0,0,0,0,0,0,0,0,0,0,0,2356698.279,194365.5414,0,0,0,0,5617.87613,696099.8252,0,2594619.452,0,0,0,0,0,0,0,0,0,0
M11D0,2,11,0,10 ng/mL,1,1,0.23571,998781.8395,yes,313897.1565,15694857.82,235422867.4,21224,13638.07565,0,0,0,0,0,5598835.872,0,0,28365234.83,0,0,2051908.03,0,0,0,0,0,0,0,0,0,0,0,0,17062722.68,0,0,0,0,0,0,0,0,3311.131271,0,0,0,0,0,0,0,0,0,0
M11D14,2,11,14,10 ng/mL,1,1,0.1134,7908608.712,yes,1195781.637,59789081.86,896836227.9,20556,58085479.45,1229098.49,58767546.12,0,0,0,8856672.313,0,747924.5157,12873226.71,0,0,1663926.108,0,0,0,0,0,0,0,0,0,0,0,0,2006930.694,3309780.8,0,0,0,0,0,13038530.06,0,15172447.88,0,0,0,0,0,0,0,0,0,0
M11D3,2,11,3,10 ng/mL,1,1,0.21306,854338.2038,yes,242700.3969,12135019.84,182025297.7,20504,114607.7153,21531.38532,7870.173575,0,0,0,6101096.669,0,0,20202820.93,0,0,1671538.8,11096.94474,0,0,0,0,0,0,0,0,0,0,0,12366427.98,0,0,0,0,0,0,40816.34847,0,522052.9821,0,0,0,0,0,0,0,0,0,0
M11D5,2,11,5,10 ng/mL,1,1,0.16969,538272.2041,yes,121785.8804,6089294.021,91339410.32,23128,90639.67183,0,0,0,0,0,3582015.09,0,0,10600538.8,0,0,858646.6047,0,0,0,0,0,0,0,0,0,0,0,0,5274290.145,0,0,0,0,0,0,0,0,163277.0348,0,0,0,0,0,0,0,0,0,0
M11D8,2,11,8,10 ng/mL,1,1,0.18417,5848262.29,yes,1436099.288,71804964.41,1077074466,22354,15057071.31,853983.2069,39801926.23,0,0,0,17201198.31,0,440526.8417,33906293.78,0,0,3342398.507,0,0,0,0,0,0,0,0,0,0,0,0,7612855.224,4901336.303,0,0,0,0,0,18262323.73,0,62040527.1,0,0,0,0,0,0,0,0,0,0
M12D0,2,12,0,100 ng/mL,1,1,0.21308,1098711.896,yes,312151.3745,15607568.73,234113530.9,25754,11176.71429,0,0,0,0,0,12206101.71,0,0,26371441.22,0,0,4173929.151,0,0,0,0,0,0,0,0,0,0,0,0,10792548.32,0,0,0,0,0,0,0,0,0,0,0,0,0,0,0,0,0,0,0
M12D14,2,12,14,100 ng/mL,1,1,0.14803,5244358.128,yes,1035096.445,51754822.24,776322333.7,28957,13695912.49,420148.6885,66500838.96,111595.4507,0,254227.9409,5147421.536,0,0,15997431.05,32496.38239,0,9202175.481,0,0,0,0,0,0,0,0,0,0,0,0,3867268.531,10985726.86,0,0,0,0,0,41947603.55,0,208073.6197,0,0,0,0,0,0,0,0,0,0
M12D3,2,12,3,100 ng/mL,1,1,0.13925,875948.2399,yes,162634.3899,8131719.494,121975792.4,21733,40253.36123,0,0,0,0,0,3774385.529,0,0,12599184.89,0,0,1157887.773,0,0,0,0,0,0,0,0,28062.33628,0,0,0,10363424.31,0,0,0,0,0,0,0,0,0,0,0,0,0,0,0,0,0,0,0
M12D5,2,12,5,100 ng/mL,1,1,0.13705,778421.957,yes,142243.6389,7112181.947,106682729.2,28052,56110.34982,0,6742.972693,0,0,0,4.13E+06,0,0,12841110.97,0,0,1241411.047,0,0,0,0,0,0,0,0,0,0,0,0,5823396.872,0,0,0,0,0,0,0,0,0,0,0,0,0,0,0,0,0,0,0
M12D8,2,12,8,100 ng/mL,1,1,0.09647,4475690.956,yes,575693.2086,28784660.43,431769906.5,27857,4938881.474,0,57928052.14,0,0,97985.46554,4347613.163,0,0,8920192.405,0,0,3393136.42,0,0,0,0,0,0,0,0,0,0,0,0,2142807.553,0,0,0,0,0,0,0,0,0,0,0,0,0,0,0,0,0,0,0
M13D0,2,13,0,800 ng/mL,1,1,0.21667,962350.2192,yes,278016.5626,13900828.13,208512422,20112,0,0,0,0,0,0,7677180.238,0,0,22236928.83,0,0,2338150.036,0,0,0,0,0,0,0,0,0,0,0,0,15486546.87,0,0,0,0,0,0,0,0,0,0,0,0,0,0,0,0,0,0,0
M13D14,2,13,14,800 ng/mL,1,1,0.11074,4475266.104,yes,660787.9578,33039397.89,495590968.4,28465,34196723.01,480738.7728,6291254.68,174277.9285,0,0,2642049.224,0,129335.437,5875161.078,0,0,4789205.086,248100.1487,0,646334.3738,0,0,0,0,0,0,0,0,112085.0229,1318848.224,3637201.502,0,0,0,0,0,13218000.57,0,21781362.79,0,0,5500.957969,1542263.486,354057.5847,0,0,0,13928.38593,0
M13D3,2,13,3,800 ng/mL,1,1,0.14211,1422720.747,yes,269577.127,13478856.35,202182845.3,27317,24266.74742,0,0,0,0,0,5824867.251,0,0,19392771.39,0,0,2973878.267,0,0,0,0,0,0,0,0,0,0,0,0,18653267.79,0,0,0,0,0,0,0,0,0,0,0,0,0,0,0,0,0,0,0
M13D5,2,13,5,800 ng/mL,1,1,0.09785,1422982.646,yes,185651.8025,9282590.124,139238851.9,23356,1343800.608,0,0,46085.61742,0,0,3168584.094,0,0,11978376.12,0,0,6181790.902,0,0,42105.96072,0,0,0,0,0,0,0,0,0,10063160.74,0,0,0,0,0,0,0,0,0,0,0,0,0,0,0,0,0,0,0
M13D8,2,13,8,800 ng/mL,1,1,0.1328,2954512.467,yes,523145.6741,26157283.71,392359255.6,26828,26678620.67,51842.29668,549733.7182,143495.9679,0,0,3542904.026,0,137892.7546,14128463.47,0,0,7303711.693,669093.3774,0,254457.211,0,0,0,0,0,0,0,0,1249087.141,5286934.247,0,0,0,0,0,0,0,0,16916967.05,0,0,0,721157.001,0,0,0,0,87749.97043,0
M13FECAL,2,13,Gut,800 ng/mL,1,1,0.11074,4475266.104,yes,660787.9578,33039397.89,495590968.4,28465,34196723.01,480738.7728,6291254.68,174277.9285,0,0,2642049.224,0,129335.437,5875161.078,0,0,4789205.086,248100.1487,0,646334.3738,0,0,0,0,0,0,0,0,112085.0229,1318848.224,3637201.502,0,0,0,0,0,13218000.57,0,21781362.79,0,0,5500.957969,1542263.486,354057.5847,0,0,0,13928.38593,0
M13GUT,2,13,Gut,800 ng/mL,,,,,yes,565684.8293,56568482.93,8485272439,17303,132245361.8,0,434745.3406,340213.1721,0,0,481933854.6,0,0,679487115.6,0,0,618661132,24029262.71,0,0,0,0,0,0,0,0,0,0,12207211.55,90845329.26,2536516.145,0,0,0,0,0,8455054.628,0,2634948.114,0,0,0,0,0,0,0,0,0,0
M15D0,1,15,0,Control,2,3,0.150232799,1485727.955,yes,297606.759,14880337.95,223205069.2,26139,0,0,0,0,0,0,3274767.347,0,0,18085094.75,0,0,4756798.57,17644036.68,0,0,0,0,0,0,0,0,0,0,2704677.751,7373563.559,0,0,0,0,0,0,0,0,0,0,0,0,0,0,0,0,0,0,0
M15D14,1,15,14,Control,2,3,0.076720324,1093870.658,yes,111896.1484,5594807.418,83922111.27,24306,0,0,7346.235097,0,0,0,1915403.251,0,0,5327580.162,0,0,5059859.932,3194640.561,0,0,0,0,0,0,0,0,0,0,1413693.825,4343537.243,0,0,0,0,0,0,8929.481448,0,0,0,0,0,0,0,0,0,0,0,0
M15D3,1,15,3,Control,2,3,0.153982301,687752.1469,yes,141202.2107,7060110.537,105901658.1,24613,0,0,0,0,0,0,2572997.672,0,0,6004263.227,0,0,3765160.766,8199816.565,0,0,0,0,0,0,0,0,0,0,2127329.509,4031603.368,0,0,0,0,0,4302.67317,0,0,0,0,0,0,0,0,0,0,0,0,0
M15D5,1,15,5,Control,2,3,0.137422969,1117977.112,yes,204847.6453,10242382.26,153635734,28654,0,0,0,0,0,0,3883251.22,1694.082745,0,8633970.429,0,0,4817528.997,12165822.58,0,0,0,0,0,0,0,0,0,0,4220368.667,5395266.168,0,0,0,0,0,0,0,0,0,0,0,0,0,0,0,0,0,0,0
M15D8,1,15,8,Control,2,3,0.181585033,1345745.064,yes,325822.8824,16291144.12,244367161.8,24328,6175.027983,0,0,0,0,0,8658520.766,0,0,11541056.79,0,0,9884817.247,14825959.02,0,0,0,0,0,0,0,12053.60575,0,0,5522422.76,12116404.5,0,0,0,0,0,0,0,0,0,0,0,0,0,0,0,0,0,0,0
M16D0,1,16,0,DMSO,2,3,0.069133558,1428185.551,yes,131647.3981,6582369.907,98735548.6,19959,2027.417141,0,0,0,0,0,2132121.922,0,0,5519987.594,0,0,1957969.604,10188178.89,0,0,0,0,0,0,0,0,0,0,1316347.461,3255072.443,0,0,0,0,0,0,0,0,0,0,2248.58992,0,0,0,0,0,0,0,0
M16D14,1,16,14,DMSO,2,3,0.036273744,15759591.34,yes,762212.5089,38110625.45,571659381.7,24764,6551586.687,0,34409509.62,0,0,0,911829.4413,0,0,3419894.967,0,0,3431448.613,2470019.139,0,0,0,0,0,0,0,0,0,0,1446483.473,588649.3843,16689676.96,0,0,0,0,0,69033970.17,0,0,0,0,0,0,0,0,0,0,0,0
M16D3,1,16,3,DMSO,2,3,0.187471432,,,,,,,,,,,,,,,,,,,,,,,,,,,,,,,,,,,,,,,,,,,,,,,,,,,
M16D5,1,16,5,DMSO,2,3,0.055292259,275219.1975,yes,20289.9882,1014499.41,15217491.15,26857,0,0,185153.4407,0,0,0,351440.9237,0,0,658015.7585,0,0,333160.8887,957007.2083,0,0,0,0,0,0,0,0,0,0,332671.6051,668176.879,79618.71828,0,0,0,0,0,260673.9573,0,0,0,0,0,0,0,0,0,0,0,0
M16D8,1,16,8,DMSO,2,3,,,yes,26461.2968,1323064.84,19845972.6,25805,0,0,11454.30366,0,0,0,708125.5277,0,0,931751.4058,0,0,825427.3155,1220521.545,0,0,0,0,0,0,0,0,0,0,271321.6336,844636.2884,44641.69045,0,0,0,0,0,179229.7656,0,0,0,0,0,0,0,0,0,0,0,0
M17D0,1,17,0,1 ng/mL,2,3,0.10132463,1689351.378,yes,228230.5377,11411526.88,171172903.3,22275,0,0,0,0,0,0,3661678.496,0,0,11732348.12,0,0,5224557.242,10078260.94,0,0,0,0,0,0,0,0,0,0,3443197.093,8443377.202,0,0,0,0,0,0,0,0,0,0,0,0,0,0,0,0,0,0,0
M17D14,1,17,14,1 ng/mL,2,3,0.102196011,558195.1757,yes,76060.42709,3803021.354,57045320.32,25605,0,0,0,0,0,0,690648.2778,351.9583615,0,5043025.189,0,0,1681962.391,1806268.048,0,0,0,0,0,0,0,0,0,0,1659927.206,3262199.192,0,0,0,0,0,0,0,0,3990.260557,0,0,0,0,0,0,0,0,0,0
M17D3,1,17,3,1 ng/mL,2,3,0.066094276,639168.8634,yes,56327.20436,2816360.218,42245403.27,23559,0,0,1907.634629,0,0,0,1123872.259,0,0,2067316.456,0,0,2227736.886,1742965.833,0,0,0,0,0,0,0,0,0,0,807313.4278,2852940.981,0,0,0,0,0,0,0,0,1338.189354,0,0,0,0,0,0,0,0,0,0
M17D5,1,17,5,1 ng/mL,2,3,0.120380923,277960.8731,yes,44614.91527,2230745.764,33461186.46,24091,0,0,18223.81054,0,0,0,556968.8184,438.8463677,0,2444951.521,0,0,1193328.825,1835496.987,0,0,0,0,0,0,0,0,0,0,530543.0089,1450757.931,7184.2225,0,0,0,0,0,23149.16032,0,86239.26115,0,0,32255.23049,0,0,0,0,0,0,0
M17D8,1,17,8,1 ng/mL,2,3,0.140534682,791278.1202,yes,148269.3587,7413467.937,111202019,22765,0,0,0,0,0,0,1445894.912,0,0,9653973.836,0,0,1906971.233,2083358.707,0,0,0,0,0,0,0,0,0,0,2471740.683,9514330.434,0,0,0,0,0,0,0,0,0,0,0,0,0,0,0,0,0,0,0
M18D0,1,18,0,10 ng/mL,2,3,0.098051775,945055.1535,yes,123552.447,6177622.352,92664335.27,30921,0,0,0,0,0,0,1837043.991,0,0,8479243.307,0,0,2068068.276,3590177.346,0,0,0,0,0,0,0,0,0,0,1214157.878,5007668.061,0,0,0,0,0,0,0,0,0,0,0,0,0,0,0,0,0,0,0
M18D14,1,18,14,10 ng/mL,2,3,0.19237098,672010.5616,yes,172367.107,8618355.35,129275330.3,21499,0,0,0,0,0,0,2319547.822,0,0,8436878.908,0,0,4335561.217,7773416.586,0,0,0,0,0,0,0,0,0,0,2544593.349,6883479.912,0,0,0,0,0,0,0,0,0,0,0,0,0,0,0,0,0,0,0
M18D3,1,18,3,10 ng/mL,2,3,0.101420176,1016228.887,yes,137421.4834,6871074.171,103066112.6,28516,0,0,0,0,0,0,2022215.258,0,0,8997886.221,0,0,4533645.232,4391405.753,0,0,0,0,0,0,0,0,0,0,1659797.644,3679383.589,0,0,0,0,0,0,0,0,0,0,0,0,0,0,0,0,0,0,0
M18D5,1,18,5,10 ng/mL,2,3,0.127830737,721246.1059,yes,122929.895,6146494.751,92197421.27,22696,0,0,0,0,0,0,1317193.072,0,0,6976917.627,0,0,3581634.533,4698022.447,0,0,0,0,0,0,0,0,0,0,1579580.353,4655368.555,0,0,0,0,0,0,0,0,0,0,0,0,0,0,0,0,0,0,0
M18D8,1,18,8,10 ng/mL,2,3,0.129024225,468759.8451,yes,80641.83431,4032091.715,60481375.73,25813,0,0,0,0,0,0,2620125.457,3146.287984,0,3222428.945,0,0,1315068.093,3735421.425,0,0,0,0,0,0,0,0,0,0,1114209.916,3095766.388,0,0,0,0,0,0,0,0,0,0,0,0,0,0,0,0,0,0,0
M19D0,1,19,0,100 ng/mL,2,3,0.109654273,643143.0874,yes,94031.18357,4701559.178,70523387.68,22594,0,0,0,0,0,0,1699565.581,0,0,4520794.212,0,0,2542995.551,5359328,0,0,0,0,0,0,0,0,0,0,1294080.374,2208342.774,0,0,0,0,0,0,0,0,0,0,0,0,0,0,0,0,0,0,0
M19D14,1,19,14,100 ng/mL,2,3,0.066188548,1746738.777,yes,154152.1378,7707606.892,115614103.4,29986,0,0,0,0,0,0,1087279.973,0,0,9214573.19,0,0,2051690.101,3731259.539,0,0,0,0,0,0,0,0,0,0,1603467.382,10247228.15,0,0,0,0,0,0,0,0,0,0,0,0,0,0,0,0,0,0,0
M19D3,1,19,3,100 ng/mL,2,3,0.144471744,356274.4056,yes,68628.77963,3431438.981,51471584.72,24587,0,0,0,0,0,0,1608290.761,0,0,3822910.165,0,0,1745167.93,1719243.463,0,0,0,0,0,0,0,0,0,0,665770.1033,1899803.273,274915.3249,0,0,0,0,0,1048528.259,0,2187.181281,0,0,0,0,0,0,0,0,0,0
M19D5,1,19,5,100 ng/mL,2,3,0.007731272,17945245.04,yes,184986.094,9249304.702,138739570.5,27040,4205.656953,0,0,0,0,0,1.84E+06,0,0,9095208.773,0,0,3677916.27,7747660.926,0,0,0,0,0,0,0,0,0,0,3353803.681,8749469.397,54552.67821,0,0,0,0,0,265391.456,0,0,0,0,0,0,0,0,0,0,0,0
M19D8,1,19,8,100 ng/mL,2,3,0.085944218,21366.97225,yes,2448.490295,122424.5147,1836367.721,19180,568.9695629,0,118.831225,0,0,0,19124.84107,0,0,123127.4242,0,0,24410.37785,84517.91491,0,0,0,0,0,0,0,153.1901626,0,0,31599.59154,161902.9102,715.3280227,0,0,0,0,2920.188278,2283.54648,0,0,0,87.04007378,0,0,0,0,0,0,0,0
M1D0,1,1,0,Control,1,1,0.2388904,462448.1247,yes,147299.2234,7364961.169,110474417.5,22504,4023.849553,0,0,0,0,0,3112370.273,0,0,9390929.122,0,0,4427036.457,1435912.149,0,0,0,0,0,0,0,0,0,0,1740308.051,6956196.664,0,0,0,0,0,0,0,0,0,0,0,0,0,0,0,0,0,0,0
M1D14,1,1,14,Control,1,1,0.224173394,776999.9525,yes,232243.6221,11612181.1,174182716.5,21018,0,0,0,0,0,0,4058710.905,0,0,13252877.82,0,0,6998174.258,4607745.279,0,0,0,0,0,0,0,0,0,0,3795090.785,10740355.91,0,0,0,0,0,0,0,0,0,0,0,0,0,0,0,0,0,0,0
M1D3,1,1,3,Control,1,1,0.292651449,422606.9453,yes,164902.0466,8245102.329,123676534.9,24774,4091.969945,0,0,0,0,0,3001554.709,0,0,9751207.28,0,0,3881315.923,2709511.557,0,0,0,0,0,0,0,0,0,0,2603223.964,8607784.984,0,0,0,0,0,0,0,0,0,0,0,0,0,0,0,0,0,0,0
M1D5,1,1,5,Control,1,1,0.084162896,628326.7302,yes,70509.063,3525453.15,52881797.25,24123,0,0,0,0,0,0,2209710.715,0,0,3940048.16,0,0,2612833.624,649431.3442,0,0,0,0,0,0,0,0,0,0,798779.0482,2933675.965,0,0,0,0,0,0,0,0,0,0,0,0,0,0,0,0,0,0,0
M1D8,1,1,8,Control,1,1,0.175102459,480875.5564,yes,112269.9898,5613499.492,84202492.39,24958,0,0,0,0,0,0,1153828.521,0,0,6950933.176,0,0,2575410.605,3532334.699,0,0,0,0,0,0,0,0,0,0,1662268.325,4806775.418,0,0,0,0,0,0,0,0,0,0,0,0,0,0,0,0,0,0,0
M20D0,1,20,0,800 ng/mL,2,3,0.127237282,379157.3656,yes,64323.93686,3216196.843,48242952.65,29177,0,0,0,0,0,0,1668339.417,261.2096761,0,3626381.059,0,0,1083933.757,1950667.427,0,0,0,0,0,0,0,0,0,0,722412.2516,2711671.602,0,0,0,0,0,0,0,0,0,0,0,0,0,0,0,0,0,0,0
M20D14,1,20,14,800 ng/mL,2,3,0.204074667,455287.7349,yes,123883.5905,6194179.526,92912692.89,25849,0,0,0,0,0,0,2430740.409,0,0,4419830.552,0,0,4367299.216,4218974.565,0,0,0,0,0,0,0,0,0,0,2833900.099,5921840.747,0,0,0,0,0,0,0,0,0,0,0,0,0,0,0,0,0,0,0
M20D3,1,20,3,800 ng/mL,2,3,0.067115385,2286667.057,yes,204627.3865,10231369.32,153470539.9,21403,0,0,0,0,0,0,4352502.819,0,0,13765618.96,0,0,3615403.95,6277786.176,0,0,0,0,0,0,0,0,0,0,2966685.324,6274200.912,0,0,0,0,0,0,0,0,0,0,0,0,0,0,0,0,0,0,0
M20D5,1,20,5,800 ng/mL,2,3,0.192698857,596774.148,yes,153330.2616,7666513.08,114997696.2,28498,0,0,0,0,0,0,3464296.513,0,0,6894865.997,0,0,3330023.168,7881930.31,0,0,0,0,0,0,0,0,0,0,2493913.184,4800986.351,0,0,0,0,0,0,0,0,0,0,0,0,0,0,0,0,0,0,0
M20D8,1,20,8,800 ng/mL,2,3,0.098888614,735626.8192,yes,96993.48876,4849674.438,72745116.57,33694,0,0,0,0,0,0,2335490.879,0,0,3200285.388,0,0,2916910.004,5047726.079,0,0,0,0,0,0,0,0,0,0,1732754.177,3477058.533,0,0,0,0,0,0,0,0,0,0,0,0,0,0,0,0,0,0,0
M22D0,2,22,0,Control,2,3,0.133224122,563973.8741,yes,100179.8989,5008994.947,75134924.21,20511,2251.938406,0,0,0,0,0,3600879.073,0,0,8582028.043,0,0,1355256.484,0,0,0,0,0,0,0,0,0,0,0,0,3217163.832,74736.7307,0,0,0,0,0,299999.5674,0,0,0,0,0,0,0,68348.12984,0,0,0,0
M22D14,2,22,14,Control,2,3,0.165609349,392809.5403,yes,86737.243,4336862.15,65052932.25,28233,0,0,0,0,0,0,1486749.703,0,0,6308427.244,0,0,2636274.26,0,0,0,0,0,0,0,0,0,0,0,678387.8359,4521885.006,0,0,0,0,0,0,0,0,0,0,0,0,0,0,0,0,0,0,0
M22D3,2,22,3,Control,2,3,0.071550449,3487441.665,yes,332704.0227,16635201.13,249528017,21120,0,0,0,0,0,0,9708790.169,0,0,24716214.48,0,0,9877576.444,0,0,0,0,0,0,0,0,0,0,0,917800.0299,13849868.24,0,0,0,0,0,0,40740.61142,0,0,0,0,0,0,0,0,0,0,0,0
M22D5,2,22,5,Control,2,3,0.09323124,587589.1283,yes,73042.21739,3652110.87,54781663.04,15999,0,0,0,0,0,0,1538262.524,1622.779117,0,5019148.157,0,0,1984519.867,0,0,0,0,0,0,0,0,0,0,0,92582.09207,4345142.217,0,0,0,0,0,0,2951.787127,0,0,0,0,0,0,0,0,0,0,0,0
M22D8,2,22,8,Control,2,3,0.141888312,1242945.941,yes,235146.0019,11757300.1,176359501.5,31588,3432.245012,0,0,0,0,0,3746271.562,0,0,17578777.23,0,0,4476553.298,0,0,0,0,0,0,0,0,0,0,0,2666956.747,13700969.24,0,0,0,0,0,0,0,0,0,0,0,0,0,0,0,0,0,0,0
M23D0,2,23,0,DMSO,2,3,0.084809715,3947228.122,yes,446351.0561,22317552.81,334763292.1,26707,0,0,0,0,0,0,13330616,0,0,41913752.47,0,0,4212099.107,0,0,0,0,0,0,0,0,0,0,0,0,15928425.26,0,0,0,0,0,0,0,0,0,0,0,0,0,0,0,0,0,0,0
M23D14,2,23,14,DMSO,2,3,0.050073819,1328858.159,yes,88721.33727,4436066.864,66541002.95,26539,2166135.245,0,1695533.491,0,0,0,868776.419,0,0,3936344.109,0,0,1714445.107,0,0,0,0,0,0,0,0,0,0,0,0,1153980.806,803341.8803,0,0,0,0,0,3064226.934,0,0,0,0,0,0,0,3679.466365,0,0,0,0
M23D3,2,23,3,DMSO,2,3,0.068305282,1080875.172,yes,98439.31129,4921965.564,73829483.46,17876,0,0,0,0,0,0,4088788.794,0,0,9410825.807,0,0,2017914.692,0,0,0,0,0,0,0,0,0,0,0,0,1247287.088,0,0,0,0,0,0,0,0,0,0,0,0,0,0,6060.920778,0,0,0,0
M23D5,2,23,5,DMSO,2,3,0.106235113,945728.8034,yes,133959.4751,6697973.755,100469606.3,25524,4877599.21,0,1721075.548,0,0,0,2921703.699,0,0,5192487.663,0,0,2549716.402,0,0,0,0,0,0,0,0,0,0,0,0,1944522.242,667357.7829,0,0,0,0,0,2683004.518,0,0,0,0,0,0,0,442315.7147,0,0,0,0
M23D8,2,23,8,DMSO,2,3,0.077911857,3669069.601,yes,381152.0347,19057601.74,285864026.1,26905,2146760.516,0,16050442.14,0,0,0,2239206.219,0,0,8959054.866,0,0,4106395.958,0,0,0,0,0,0,0,0,0,0,0,0,1067806.549,6857361.048,0,0,0,0,0,25771587.19,0,0,0,0,0,0,0,182650.9916,0,0,0,0
M24D0,2,24,0,1 ng/mL,2,3,0.063254806,2058080.007,yes,173577.9354,8678896.771,130183451.6,22263,0,0,0,0,0,0,9427672.354,0,0,12153467.32,0,0,3134484.197,796725.2947,0,0,0,0,0,0,0,0,0,0,1721631.84,3942693.802,0,0,0,0,0,0,0,0,0,0,0,0,0,0,0,0,0,0,0
M24D14,2,24,14,1 ng/mL,2,3,0.056814284,2438998.094,yes,184759.9071,9237995.357,138569930.4,26266,0,0,0,0,0,0,3075697.447,0,0,11469629.7,0,0,6934375.753,7046934.593,0,0,0,0,0,0,0,0,0,0,2438567.848,3319695.745,27287.8039,0,0,0,0,0,54575.56797,0,0,0,0,0,0,0,0,0,0,0,0
M24D3,2,24,3,1 ng/mL,2,3,0.090936347,724951.6289,yes,87899.27051,4394963.525,65924452.88,23668,0,0,0,0,0,0,2773545.465,440.0290596,0,5100231.76,0,0,1693814.191,3241489.856,0,0,0,0,0,0,0,0,0,0,1035254.068,2254767.816,0,0,0,0,0,0,0,0,0,0,0,0,0,0,0,0,0,0,0
M24D5,2,24,5,1 ng/mL,2,3,0.10782241,369655.8842,yes,53142.91775,2657145.888,39857188.31,22931,1068.523847,0,0,0,0,0,2165282.469,0,0,3173706.932,0,0,851843.0534,1807226.534,0,0,0,0,0,0,0,0,0,0,440874.7462,1069822.485,25472.67179,0,0,0,0,0,87905.71602,0,0,0,0,0,0,0,0,0,0,0,0
M24D8,2,24,8,1 ng/mL,2,3,0.074940207,890700.2352,yes,88999.01334,4449950.667,66749260,24613,0,0,2885.059239,0,0,0,2076676.795,0,0,7780398.869,0,0,1566905.263,1416316.62,0,0,0,0,0,0,0,0,0,0,751897.2685,1994640.269,0,0,0,0,0,0,0,0,0,0,0,0,0,0,0,0,0,0,0
M25D0,2,25,0,10 ng/mL,2,3,0.181782528,1965795.343,yes,476462.996,23823149.8,357347247,24444,0,0,0,0,0,0,39379976.53,0,0,23856671.32,0,0,11980569.64,0,0,0,0,0,0,0,0,0,0,0,0,10997155.43,0,0,0,0,0,0,0,0,0,0,0,0,0,0,0,0,0,0,0
M25D14,2,25,14,10 ng/mL,2,3,0.154202401,303102.1839,yes,62318.77935,3115938.967,46739084.51,27677,0,0,0,0,0,0,920359.9017,400.1729532,0,5533209.174,0,0,1373300.61,0,0,0,0,0,0,0,0,0,0,0,0,2897022.774,0,0,0,0,0,0,0,0,0,0,0,0,0,0,0,0,0,0,0
M25D3,2,25,3,10 ng/mL,2,3,0.121624154,704276.5745,yes,114209.3901,5710469.503,85657042.55,22470,0,0,0,0,0,0,4778420.24,0,0,8595965.442,0,0,1533983.076,0,0,0,0,0,0,0,0,0,0,0,0,4914701.473,0,0,0,0,0,0,0,0,0,0,0,0,0,0,0,0,0,0,0
M25D5,2,25,5,10 ng/mL,2,3,0.146487533,976593.4266,yes,190745.0157,9537250.786,143058761.8,25683,0,0,155056.2428,0,0,0,6862453.554,0,0,13445206.47,0,0,5523337.046,0,0,0,0,0,0,0,0,0,0,0,0,7642277.809,33613.09489,0,0,0,0,0,89634.98823,0,0,0,0,0,0,0,0,0,0,0,0
M25D8,2,25,8,10 ng/mL,2,3,0.14081907,,,,,,,,,,,,,,,,,,,,,,,,,,,,,,,,,,,,,,,,,,,,,,,,,,,
M26D0,2,26,0,100 ng/mL,2,3,0.06626336,3207248.827,yes,283364.1115,14168205.58,212523083.6,27169,0,0,36060.08031,0,0,0,5913631.409,0,0,23661543.02,0,0,3194678.266,7204304.923,0,0,0,0,0,0,0,0,0,0,2407108.594,7108482.197,0,0,0,0,0,0,0,0,0,23466.7989,0,0,0,0,16398.89598,0,0,0,0
M26D14,2,26,14,100 ng/mL,2,3,0.069429756,1775965.883,yes,164406.5038,8220325.192,123304877.9,27079,0,0,2422.08821,0,0,0,1763352.202,0,0,15148431.48,0,0,2647334.103,1736031.047,0,0,0,0,0,0,0,0,0,0,1401234.674,5888844.974,0,0,0,0,0,0,10467.87548,0,0,0,0,0,0,0,0,0,0,0,0
M26D3,2,26,3,100 ng/mL,2,3,0.091660971,1788298.469,yes,218556.2321,10927811.61,163917174.1,21909,33729.11599,4187.53333,306432.4907,0,0,0,3886757.602,0,0,13253126.47,0,0,5637133.669,9550425.523,0,0,0,0,0,0,0,0,0,0,2944525.453,4172933.671,60197.82854,0,0,0,0,0,165543.9578,0,63650.53108,76687.70737,0,0,0,0,0,0,0,0,0
M26D5,2,26,5,100 ng/mL,2,3,0.113280689,413827.3097,yes,62504.85702,3125242.851,46878642.77,22601,0,0,1103.285533,0,0,0,7.27E+05,0,0,5017307.083,0,0,1025880.421,1589343.83,0,0,0,0,0,0,0,0,0,0,789614.4227,1973067.964,0,0,0,0,0,0,0,0,1547.8978,16074.93272,0,0,0,0,0,0,0,0,0
M26D8,2,26,8,100 ng/mL,2,3,0.160088057,618455.3097,yes,132009.7452,6600487.258,99007308.87,23104,0,0,766641.1707,0,0,0,3812835.572,0,0,5295770.307,0,0,3722924.948,4065667.591,0,0,0,0,0,0,0,0,0,0,2137126.77,4522050.84,119446.2582,0,0,0,0,0,430991.6751,0,0,12855.87629,0,0,0,0,0,0,0,0,0
M27D0,2,27,0,800 ng/mL,2,3,0.056670404,1488735.427,yes,112489.6508,5624482.54,84367238.1,24235,0,0,0,0,0,0,3340225.507,0,0,10293221.22,0,0,568702.9319,0,0,0,0,0,0,0,0,0,0,0,603609.7501,4407217.799,0,0,0,0,0,0,0,0,0,0,0,0,0,0,10947.22397,0,0,0,0
M27D14,2,27,14,800 ng/mL,2,3,0.175770783,1366382.034,yes,320226.72,16011336,240170040,18713,0,0,368647.5124,0,0,0,2367945.942,0,0,22732196.48,0,0,5550008.82,0,0,0,0,0,0,0,0,0,0,0,3393127.685,17419483.04,1390392.81,0,0,0,0,0,4953043.919,0,0,0,0,0,0,0,0,0,0,0,0
M27D3,2,27,3,800 ng/mL,2,3,0.098145104,1437828.846,yes,188154.4822,9407724.108,141115861.6,25218,0,0,0,0,0,0,7646713.67,2210.04605,0,12625179.43,0,0,2525689.403,0,0,0,0,0,0,0,0,0,0,0,3268642.295,8279043.438,0,0,0,0,0,0,0,0,0,0,0,0,0,0,0,0,0,0,0
M27D5,2,27,5,800 ng/mL,2,3,0.162861611,530254.1858,yes,115144.0679,5757203.396,86358050.94,25734,0,0,3015456.287,0,0,0,3444724.463,1060.280411,0,6701234.373,0,0,722554.2594,0,0,0,0,0,0,0,0,0,0,0,1235739.418,4341560.918,18321.87794,0,0,0,0,0,68465.95319,0,0,0,0,0,0,0,7738.73142,0,0,0,0
M27D8,2,27,8,800 ng/mL,2,3,0.111111111,601143.4795,yes,89058.29317,4452914.658,66793719.88,26799,0,0,986794.3704,0,0,0,2180223.379,393.7437027,0,5617122.035,0,0,509706.186,0,0,0,0,0,0,0,0,0,0,0,1250476.792,4475720.077,174038.0044,0,0,0,0,0,595166.9764,0,0,0,0,0,0,0,2612.57264,0,0,0,0
M29D0,3,29,0,Control,3,1,0.16812291,253262.1018,yes,56772.2154,2838610.77,42579161.55,22404,164737.3538,0,18870.37475,0,0,0,7126.931994,0,0,2265759.246,0,0,1925057.239,701765.5557,0,0,0,0,0,0,0,0,0,0,669666.8151,4958446.372,0,0,0,0,0,0,0,0,2552.932135,0,0,0,0,0,0,0,0,0,0
M29D14,3,29,14,Control,3,1,0.053580844,5128794.156,yes,366406.8261,18320341.31,274805119.6,30699,6436712.901,671369.8764,3023545.229,4435.882997,41774.13385,0,924252.5396,0,0,4787079.06,0,0,16951585.53,20995974.09,0,63995.05878,83613.8364,0,634920.7213,231333.4198,0,0,0,0,2435756.879,2642959.398,1170395.794,1066893.116,0,0,0,0,3457169.066,0,291260.9834,0,0,728289.6133,554841.846,68473.02759,0,0,0,0,729668.0958
M29D3,3,29,3,Control,3,1,0.088631356,539038.3069,yes,63700.92811,3185046.406,47775696.08,27786,421045.5453,18926.4044,404550.5667,2556.118114,2292.548627,0,18483.72407,271.629739,0,1056768.71,0,0,2772752.105,388588.0434,0,0,36844.62995,0,0,0,0,1719.418637,0,0,650869.0994,1376822.452,349318.1524,0,0,0,0,0,1153688.69,0,2075874.168,0,0,0,96649.74164,0,0,0,0,0,96085.01458
M29D5,3,29,5,Control,3,1,0.06478814,463962.1148,yes,40078.98994,2003949.497,30059242.45,17626,128253.8807,2227.193584,6954.616125,0,2273.851435,0,91664.82572,404.1211093,0,1845753.672,0,0,2172454.533,1006607.732,0,0,0,0,0,0,0,0,0,0,633117.6983,1755274.895,5390.606871,0,0,0,0,0,17641.98534,0,29271.6589,0,0,0,0,0,0,0,0,0,0
M29D8,3,29,8,Control,3,1,0.066051567,789465.0484,yes,69527.20473,3476360.236,52145403.54,27824,1150584.333,32517.30939,922104.941,7986.820501,18116.46039,0,44510.26052,0,0,1270234.187,0,0,2096421.061,966575.3218,0,1937.069245,21109.54811,0,262573.1659,0,0,0,0,0,313693.2302,1066372.003,411443.8516,2696.567618,0,0,1499.295072,0,1369504.878,0,1330342.641,0,0,43522.12722,173537.9664,0,0,0,0,0,184261.8305
M2D0,1,2,0,DMSO,1,1,0.165116934,281860.228,yes,62053.19555,3102659.778,46539896.67,27449,1042.322022,0,0,0,0,0,1154214.534,0,0,4215386.428,0,0,1355385.086,1282648.976,0,0,0,0,0,0,0,0,0,0,866671.928,2441950.019,0,0,0,0,0,0,0,0,0,0,0,0,0,0,0,0,0,0,0
M2D14,1,2,14,DMSO,1,1,0.08682243,726387.5053,yes,84088.97111,4204448.555,63066728.33,25606,1514.11842,0,0,0,0,0,2517152.087,0,0,2086933.607,0,0,2784705.727,5507193.797,0,0,0,0,0,0,0,0,0,0,1737818.64,1874317.75,0,0,0,0,0,0,0,0,0,0,0,0,0,0,0,0,0,0,0
M2D3,1,2,3,DMSO,1,1,0.099208162,1266018.988,yes,167465.8893,8373294.463,125599416.9,26068,101694.4763,0,0,0,0,0,2772842.722,0,0,12329892.12,0,0,4437613.273,3882220.736,0,0,0,0,0,0,0,0,0,0,2429751.501,4530261.321,0,0,0,0,0,0,0,0,0,0,0,0,0,0,0,0,0,0,0
M2D5,1,2,5,DMSO,1,1,0.133384629,424307.5497,yes,75461.47346,3773073.673,56596105.1,26476,3942.371025,0,0,0,0,0,726262.529,0,0,4005652.211,0,0,1199773.422,2588145.277,0,0,0,0,0,0,0,0,0,0,1021112.078,4369332.18,0,0,0,0,0,0,0,0,0,0,0,0,0,0,0,0,0,0,0
M2D8,1,2,8,DMSO,1,1,0.132798974,504195.2702,yes,89275.4861,4463774.305,66956614.58,25771,2129.618241,0,0,0,0,0,1163965.82,0,0,5300522.3,0,0,1196859.961,1751794.545,0,0,0,0,0,0,0,0,0,0,1129576.738,5726296.166,0,0,0,0,0,0,0,0,0,0,0,0,0,0,0,0,0,0,0
M30D0,3,30,0,DMSO,3,1,0.15476691,419646.2994,yes,86596.4814,4329824.07,64947361.05,21888,18849.38779,0,3156.660541,0,0,0,18545.36174,0,0,3572310.979,0,0,2748946.986,5620730.017,0,0,0,0,0,0,0,0,0,0,495392.1288,3628215.724,0,0,0,0,0,0,9379.257435,0,9743.238312,0,0,0,0,0,0,0,0,0,0
M30D14,3,30,14,DMSO,3,1,0.160104807,1303800.412,yes,278326.2845,13916314.23,208744713.4,25069,59720.96422,0,0,0,0,0,703615.1792,0,0,10305708.07,0,0,16025976.94,16605733.96,0,0,0,0,0,0,0,0,27756.01914,0,1890506.71,7746011.778,0,0,0,0,0,0,0,0,43498.25453,0,0,0,0,0,0,0,0,0,0
M30D3,3,30,3,DMSO,3,1,0.15393642,1301852.341,yes,267203.3183,13360165.92,200402488.8,20086,0,0,0,0,0,0,17460.11693,0,0,7698474.058,0,0,15265449.85,16370127.65,0,0,0,0,0,0,0,0,0,0,1785623.073,10610776,0,0,0,0,0,0,0,0,0,0,0,0,0,0,0,0,0,0,0
M30D5,3,30,5,DMSO,3,1,0.091298897,880245.5328,yes,107153.9283,5357696.415,80365446.23,30047,0,0,0,0,0,0,0,2323.951604,0,5122575.264,0,0,7799880.765,2064167.239,0,0,0,0,0,0,0,0,0,0,989508.628,4726120.534,0,0,0,0,0,0,0,0,0,0,0,0,0,0,0,0,0,0,0
M30D8,3,30,8,DMSO,3,1,0.178455905,823012.9964,yes,195828.7055,9791435.276,146871529.1,29322,0,0,0,0,0,0,115205.1462,1582.592932,0,7719507.191,0,0,13931714.57,7664898.611,0,0,0,0,0,0,0,0,0,0,1399487.743,7140214.319,0,0,0,0,0,0,0,0,0,0,0,0,0,0,0,0,0,0,0
M31D0,3,31,0,1 ng/mL,3,1,0.168581175,551884.629,yes,124049.8123,6202490.615,93037359.22,22188,94517.47303,41462.01235,14125.82596,0,0,0,268360.8665,0,0,10263698.9,8894.5407,0,4783703.771,2011658.247,0,2528.164023,0,0,18358.74763,0,0,0,0,0,961002.569,2851334.253,116877.7013,0,0,0,0,0,355452.8401,0,259098.4086,0,0,11261.19493,0,0,0,0,0,0,35236.45343
M31D14,3,31,14,1 ng/mL,3,1,0.164612326,1194678.318,yes,262211.7024,13110585.12,196658776.8,22889,0,0,0,0,0,0,517658.7526,0,0,9894766.539,0,0,16456095.45,13199224.36,0,0,0,0,0,0,0,0,17183.71615,0,2127680.425,8458673.002,17282.46372,0,0,0,0,0,0,0,0,0,0,0,0,0,0,0,0,0,0
M31D3,3,31,3,1 ng/mL,3,1,0.181675978,1367134.771,yes,331167.3954,16558369.77,248375546.6,29905,0,0,0,0,0,0,60214.80144,0,0,17990091.92,0,0,14064454.4,6708755.959,0,0,0,0,0,0,0,0,0,0,2124493.349,20520778.53,0,0,0,0,0,0,0,0,0,0,0,0,0,0,0,0,0,0,0
M31D5,3,31,5,1 ng/mL,3,1,0.191841661,1128010.318,yes,288532.4975,14426624.88,216399373.1,27089,0,0,0,0,0,0,183734.537,3785.997627,0,12050081.23,0,0,18459818.1,11549314.99,0,0,0,0,0,0,0,0,0,0,2684533.693,10782422.88,0,0,0,0,0,0,0,0,0,0,0,0,0,0,0,0,0,0,0
M31D8,3,31,8,1 ng/mL,3,1,0.166634569,567719.6688,yes,126135.6298,6306781.488,94601722.32,21039,0,0,0,0,0,0,44964.93178,710.3468473,0,4930414.159,0,0,6774446.494,6639072.34,0,0,0,0,0,0,0,0,0,0,741052.9692,4902301.811,0,0,0,0,0,0,0,0,0,0,0,0,0,0,0,0,0,0,0
M32D0,3,32,0,10 ng/mL,3,1,0.171858183,1309.384413,yes,300.0379013,15001.89507,225028.426,19056,0,0,0,0,0,0,100.3747733,0,0,12319.05316,0,0,13454.22639,9128.199678,0,0,0,0,0,0,0,0,0,0,2159.033205,19602.60216,0,0,0,0,0,0,0,0,0,0,0,0,0,0,0,0,0,0,0
M32D14,3,32,14,10 ng/mL,3,1,0.079124662,6086899.358,yes,642165.1391,32108256.95,481623854.3,26572,0,290815.4456,42298652.06,12574.48762,0,0,693290.4343,0,46607.77243,10121789.98,0,0,19823459.66,21220123.67,0,0,378439.1191,0,73008.86242,0,0,0,0,0,2528198.64,5813670.468,255211.65,0,0,0,184877.4813,0,755218.3118,0,0,0,0,83038.19153,0,0,0,0,0,0,959571.583
M32D3,3,32,3,10 ng/mL,3,1,0.173507463,217426.9513,yes,50300.26495,2515013.247,37725198.71,30199,0,0,0,0,0,0,42473.48085,296.0236149,0,2799692.518,0,0,2018634.69,1361649.946,0,0,0,0,0,0,0,0,0,0,294880.2948,2770457.946,0,0,0,0,0,0,0,0,0,0,1703.481348,0,0,0,0,0,0,0,0
M32D5,3,32,5,10 ng/mL,3,1,0.131137217,1735506.38,yes,303452.6356,15172631.78,227589476.7,26180,0,0,0,0,0,0,306437.3388,3433.347251,0,10662655.77,0,0,13747355.28,10844838.5,0,0,0,0,0,0,0,0,0,0,1600604.067,20403074.94,0,0,0,0,0,0,0,0,0,0,0,0,0,0,0,0,0,0,0
M32D8,3,32,8,10 ng/mL,3,1,0.121241234,1061008.625,yes,171517.3267,8575866.334,128637995,24536,0,0,0,0,0,0,294909.0033,0,0,5467211.002,0,0,10824154.12,11311398.52,0,0,0,0,0,0,0,0,0,0,1372585.515,4099890.457,0,0,0,0,0,0,0,0,0,0,0,0,0,0,0,0,0,0,0
M33D0,3,33,0,100 ng/mL,3,1,0.111200119,456657.1175,yes,67707.10109,3385355.054,50780325.81,29098,0,0,0,0,0,0,22686.92304,0,0,3688511.019,0,0,2719915.849,2488145.22,0,0,0,0,0,0,0,0,0,0,383483.235,3214999.494,0,0,0,0,0,0,0,0,0,0,0,0,0,0,0,0,0,0,0
M33D14,3,33,14,100 ng/mL,3,1,0.187244952,1315387.825,yes,328399.6403,16419982.01,246299730.2,21958,0,0,0,0,0,0,443065.8138,0,0,21635146.24,0,0,14565071.08,9666125.891,0,0,0,0,0,0,0,0,11216.81811,0,2527403.202,11572991.46,0,0,0,0,0,0,0,0,0,0,0,0,0,0,0,0,0,0,0
M33D3,3,33,3,100 ng/mL,3,1,0.105591613,1871924.586,yes,263546.0485,13177302.43,197659536.4,22137,0,0,0,0,0,0,127237.1497,4231.709564,0,6599318.158,0,0,12851748.03,20230703.98,0,0,0,0,0,0,0,0,0,0,1747462.745,9308400.708,0,0,0,0,0,0,0,0,0,0,0,0,0,0,0,0,0,0,0
M33D5,3,33,5,100 ng/mL,3,1,0.132104228,1210737.126,yes,213257.9911,10662899.56,159943493.3,27197,16871.51485,0,0,0,0,0,1.54E+05,1858.111318,0,8538230.595,0,0,8941477.113,12865991.76,0,0,0,0,0,0,0,0,0,0,1171136.805,8414132.2,0,0,0,0,0,0,0,0,14921.74917,0,0,0,0,0,0,0,0,0,0
M33D8,3,33,8,100 ng/mL,3,1,0.055036855,659931.1147,yes,48427.37743,2421368.872,36320533.07,24176,0,0,0,0,0,0,29295.59717,712.0086808,0,3273304.783,0,0,2029284.714,587414.315,0,0,0,0,0,0,0,0,0,0,339799.2881,2594913.993,0,0,0,2503.90123,0,0,0,0,0,0,0,0,0,0,0,0,0,0,0
M34D0,3,34,0,800 ng/mL,3,1,0.079890051,165625.6369,yes,17642.45411,882122.7056,13231840.58,25031,2599.761127,0,6373.409276,0,0,0,396.4623315,0,0,990016.9306,0,0,951512.6432,215676.1997,0,182.1252876,0,0,0,0,0,0,0,0,217345.9976,926667.5955,0,0,0,0,0,0,0,0,18146.5925,0,0,0,0,394.4915278,0,0,0,0,0
M34D14,3,34,14,800 ng/mL,3,1,0.117936571,1812762.44,yes,285054.6483,14252732.41,213790986.2,33150,2693333.981,285160.52,113204.033,7030.841823,0,0,638470.7994,0,0,6173185.034,0,0,17623940.46,14175342.02,0,4999.376074,79729.11947,0,32754.23931,0,0,0,8598.95852,0,2203246.039,7200531.993,702369.8001,0,0,0,0,0,2220155.685,0,508235.4835,0,0,260820.7476,0,110695.229,0,0,0,0,62324.20457
M34D3,3,34,3,800 ng/mL,3,1,0.116836283,974135.6484,yes,151752.5177,7587625.884,113814388.3,24203,118525.9074,0,6670.209267,0,0,0,3526.880263,1857.224266,0,3441720.216,0,0,13181096.23,7063141.393,0,0,0,0,0,0,0,0,0,0,1687245.697,5066933.993,0,0,0,0,0,0,0,0,13335.42803,0,0,0,0,0,0,0,0,0,0
M34D5,3,34,5,800 ng/mL,3,1,0.052091879,2648111.081,yes,183926.776,9196338.8,137945082,21716,2264935.396,506045.3824,1888775.541,28330.07816,0,0,163570.0018,0,0,2612780.417,0,0,4364536.993,1021121.399,0,20791.11603,176257.0168,0,0,0,0,0,0,0,883314.7555,2682230.177,0,0,0,0,0,0,0,0,9809932.862,0,0,0,0,349609.8174,0,0,0,0,0
M34D8,3,34,8,800 ng/mL,3,1,0.076826535,442215.9823,yes,45298.56218,2264928.109,33973921.64,22207,26647.40366,0,2170.036055,0,0,0,5354.561841,0,0,2111289.682,0,0,3195737.717,839901.0654,0,0,0,0,0,0,0,0,0,0,304005.0956,2143736.559,0,0,0,0,0,0,0,0,32424.20374,0,0,0,0,8848.152939,0,0,0,0,0
M36D0,4,36,0,Control,3,1,0.101356529,2765549.349,yes,373741.977,18687098.85,280306482.8,24969,9201.807014,0,0,0,0,0,0,0,0,18308374.68,0,0,15709909.15,6146333.435,0,0,0,0,0,0,0,0,0,0,2341598.069,27231905.56,0,0,0,0,0,0,0,0,0,0,0,0,0,0,0,0,0,0,0
M36D14,4,36,14,Control,3,1,0.044072217,4550625.304,yes,267408.1945,13370409.72,200556145.9,30969,980693.744,9665.721132,177975.9775,0,0,0,173233.7804,0,0,5895052.025,0,0,17461941.5,18650963.86,0,0,0,0,71451.79739,0,0,0,8634.677452,0,2915602.788,5540242.895,80019.88511,0,0,0,0,0,195397.4153,0,339266.6134,0,0,0,0,0,0,0,0,0,0
M36D3,4,36,3,Control,3,1,0.083322949,1902097.463,yes,211317.8265,10565891.32,158488369.9,22516,0,0,0,0,0,0,186531.4209,0,0,6973746.878,0,0,10501310.79,4797025.379,0,0,0,0,0,0,0,0,4692.613465,0,1836765.932,16346136.84,0,0,0,0,0,7038.920198,0,0,0,0,0,0,0,0,0,0,0,0,0
M36D5,4,36,5,Control,3,1,0.150354831,173193.3911,yes,34720.6174,1736030.87,26040463.05,29713,13469.25875,817.5393658,0,0,0,0,3724.697632,415.3556702,0,1573011.158,0,0,2527610.305,898747.8469,0,0,0,0,0,0,0,0,0,0,273075.6069,1407059.652,0,0,0,0,0,1314.600696,1259.198563,0,3270.14969,0,0,0,0,0,0,0,0,0,0
M36D8,4,36,8,Control,3,1,0.096511527,2110603.087,yes,271596.7024,13579835.12,203697526.8,20630,991431.6769,392375.0212,789557.8706,4892.879195,0,0,355458.6007,3119.693591,0,5544390.255,308183.8028,0,10991700.34,7422666.785,0,0,0,0,1668697.952,0,23193.62926,0,13165.10695,0,1368778.315,3307739.793,1072504.413,0,0,0,0,0,3631760.959,0,8075925.128,0,0,0,0,0,0,0,0,0,0
M37D0,4,37,0,DMSO,3,1,0.082785505,1407748.635,yes,155388.2423,7769412.115,116541181.7,21063,798200.5599,190970.4249,187375.7798,14805.8006,0,0,341661.5973,0,0,6911672.542,46946.49613,0,4143920.384,1113512.445,0,22875.3777,0,0,302327.5211,0,0,0,0,0,669656.9342,3109535.408,221001.2625,0,0,0,0,0,895134.5989,0,5054832.464,0,0,287575.1605,132597.1641,0,0,0,0,0,181332.9862
M37D14,4,37,14,DMSO,3,1,0.071273269,3098664.83,yes,294469.296,14723464.8,220851972,25175,18803715.24,0,0,0,0,0,651370.7575,0,0,10133697.58,0,0,12031466.89,6020244.929,0,0,0,0,0,0,0,0,0,0,2277882.216,1936566.964,0,0,0,0,0,0,0,0,0,0,0,5543.558946,0,0,0,0,0,0,0
M37D3,4,37,3,DMSO,3,1,0.073104631,1628317.578,yes,158716.7409,7935837.047,119037555.7,25288,1259774.672,38641.81143,61762.10813,2332.640593,0,0,378935.5841,1115.46464,0,6809082.116,5705.794693,0,8926858.264,1139160.393,0,0,6466.028458,0,23907.34842,0,0,0,4707.260782,0,1353593.927,9478097.062,27053.3027,0,0,0,0,0,87923.22522,0,144028.5489,0,2139.670304,112290.4393,0,0,0,0,7241.939664,0,19778.43999
M37D5,4,37,5,DMSO,3,1,0.170151216,446443.8784,yes,101283.9584,5064197.919,75962968.79,29029,441316.1913,146462.4569,105321.3902,2593.454051,7850.393009,0,1546526.397,0,0,1663765.31,45992.17078,0,5258738.238,2067268.785,0,2930.089956,18691.39801,0,417495.8156,0,0,0,0,0,646898.9143,3512394.324,130839.7962,0,0,0,0,0,421845.5475,7850.393009,1170918.529,0,0,467550.7408,0,36127.40689,0,0,14761.39678,0,483777.4119
M37D8,4,37,8,DMSO,3,1,0.102141764,1368643.743,yes,186394.2483,9319712.414,139795686.2,22552,203239.8385,70546.22384,657250.2862,0,0,0,4114463.771,0,0,5266442.173,18784.30399,0,10677599.21,9133954.574,0,3737.445497,0,0,48852.3003,0,0,0,0,0,1402049.696,3857212.902,28500.28313,0,0,4132.542219,0,0,131813.8748,0,37007.86163,0,0,63652.92908,0,0,0,0,0,0,114599.922
M38D0,4,38,0,1 ng/mL,3,1,0.058016707,1834551.942,yes,141912.8833,7095644.167,106434662.5,24382,0,0,25541.62039,0,0,0,26191.78766,0,0,7076990.134,0,0,6551877.627,815219.1349,0,0,0,0,0,0,0,0,0,0,1021067.231,11079122.85,0,0,0,0,0,0,5017.568551,0,0,0,0,0,0,0,0,0,0,0,0
M38D14,4,38,14,1 ng/mL,3,1,0.12051003,302875.1028,yes,48665.98364,2433299.182,36499487.73,23731,3516400.573,0,1636.22544,0,0,0,35759.68874,0,0,1535519.202,0,0,1607794.433,901297.8738,0,0,0,0,538.7215722,0,0,0,0,0,203973.283,569463.3742,0,0,0,3076.103827,0,0,0,0,0,0,0,0,0,0,0,0,0,0,0
M38D3,4,38,3,1 ng/mL,3,1,0.068324226,174833.6265,yes,15927.16294,796358.1472,11945372.21,24140,16021.37064,0,614.1594514,0,0,0,11010.1302,312.6932346,0,355244.3016,0,0,651015.6647,403910.94,0,0,0,0,0,0,0,0,0,0,86012.48853,1525954.495,0,0,0,0,0,0,426.5836584,0,0,0,0,0,0,0,0,0,0,0,0
M38D5,4,38,5,1 ng/mL,3,1,0.110814889,483697.921,yes,71467.90856,3573395.428,53600931.42,27272,89007.74062,0,1393.918832,0,0,0,179835.9222,620.9875365,0,3005960.097,0,0,3446272.304,771427.3119,0,0,0,0,0,0,0,0,0,0,370308.7291,5599481.28,0,0,0,0,0,0,0,0,0,0,0,0,0,0,0,0,0,0,0
M38D8,4,38,8,1 ng/mL,3,1,0.057401266,1929276.891,yes,147657.248,7382862.399,110742936,22242,1323312.32,0,0,0,0,0,659717.5968,2753.002908,0,3153367.163,0,0,10931373.82,5663613.433,0,0,0,0,0,0,0,0,0,0,1104782.604,6164003.008,0,0,0,0,0,0,0,0,0,0,0,0,0,0,0,0,0,0,0
M39D0,4,39,0,10 ng/mL,3,1,0.105984496,3864.649837,yes,546.1239536,27306.19768,409592.9652,25772,0,17.79062459,5.635795857,0,0,0,2610.416145,0,0,26151.41504,0,0,26092.11026,5550.610843,0,0,0,0,11.13339673,0,0,0,0,0,4692.852333,37789.44878,0,0,0,0,0,0,86.77179888,0,40.32540555,0,0,0,0,0,0,0,32.60086941,0,20.03305425
M39D14,4,39,14,10 ng/mL,3,1,0.12276772,1478496.089,yes,242015.4585,12100772.93,181511593.9,31571,21664781.97,15016.86731,0,0,0,0,422574.6006,0,0,5194493.416,0,0,7280737.947,4198436.589,0,0,0,0,0,0,0,0,7665.779146,0,1009214.356,1302219.627,0,0,0,0,0,0,34694.11563,0,0,0,0,4541.31685,0,0,0,0,0,0,0
M39D3,4,39,3,10 ng/mL,3,1,0.198068146,957755.5303,yes,252934.483,12646724.15,189700862.2,23763,16358.66726,0,97664.79813,0,0,0,427092.379,0,0,12396700.75,0,0,18720576.84,5282773.487,0,0,0,0,0,0,0,0,13305.04937,0,1356773.378,10066607.2,0,0,0,0,0,0,50467.46137,0,0,0,0,0,0,0,0,0,0,0,0
M39D5,4,39,5,10 ng/mL,3,1,0.054210377,1396808.434,yes,100962.0157,5048100.785,75721511.78,22382,453396.6564,66274.26428,724616.4968,8047.117925,4510.856659,0,561601.7676,1336.155719,0,3770185.944,63562.08258,0,4437708.587,1161263.912,0,0,0,0,145161.1351,0,0,0,0,0,354286.2318,4401469.351,488028.1244,0,0,0,0,0,1711987.138,0,3534.623661,0,0,214853.641,0,0,0,0,0,0,190479.4991
M39D8,4,39,8,10 ng/mL,3,1,0.034452268,3972687.917,yes,182490.8118,9124540.59,136868108.8,31500,272454.0889,0,0,0,0,0,189008.3571,5491.340964,0,7418718.175,0,0,7721869.19,4938114.456,0,0,0,0,0,0,0,0,7241.691639,0,1167374.299,12610332.36,0,0,0,0,0,0,2497.138981,0,0,0,0,0,0,0,0,0,0,0,0
M3D0,1,3,0,1 ng/mL,1,1,0.108709828,,,,,,,,,,,,,,,,,,,,,,,,,,,,,,,,,,,,,,,,,,,,,,,,,,,
M3D14,1,3,14,1 ng/mL,1,1,0.097507508,795241.5729,yes,103389.3654,5169468.269,77542024.03,27392,4060.612028,0,0,0,0,0,2150721.106,0,0,7670027.808,0,0,2364973.541,909403.3008,0,0,0,0,0,0,0,0,0,0,1087377.893,4399105.772,0,0,0,0,0,0,0,0,0,0,0,0,0,0,0,0,0,0,0
M3D3,1,3,3,1 ng/mL,1,1,0.070503597,936295.2568,yes,88016.24461,4400812.23,66012183.46,21132,27525.30845,0,0,0,0,0,877788.3619,0,0,5170342.21,0,1249.520856,1643513.836,1715748.24,0,0,0,0,0,0,0,0,0,0,1545812.74,5290158.654,0,0,0,0,0,67161.75262,0,0,0,0,0,0,0,0,0,0,0,0,0
M3D5,1,3,5,1 ng/mL,1,1,0.087743474,664192.4311,yes,77704.73508,3885236.754,58278551.31,24575,3962957.05,0,17239.31213,0,0,0,2076803.309,0,0,3338093.839,0,0,494231.5519,423897.9013,0,0,0,0,0,0,0,0,0,0,473273.562,2465722.234,0,0,0,0,0,0,0,0,0,0,1077.934655,0,0,0,0,0,0,0,0
M3D8,1,3,8,1 ng/mL,1,1,0.072966145,248868.4338,yes,24211.96031,1210598.015,18158970.23,24832,145954.8889,0,4927.018015,0,0,0,259601.9005,0,0,1532663.875,0,0,483562.4819,334923.0164,0,0,0,0,0,0,0,0,0,0,428406.6907,1245906.31,0,0,0,0,0,0,0,0,0,0,0,0,0,0,0,0,0,0,0
M40D0,4,40,0,100 ng/mL,3,1,0.130909091,818830.8549,yes,142923.2038,7146160.191,107192402.9,27091,8108.094857,0,0,0,0,0,680561.5644,0,0,5789397.65,0,0,7221965.886,1542144.594,0,0,0,0,0,0,0,0,0,0,1373825.497,10716866.24,0,0,0,0,0,0,2273.9975,0,0,0,0,0,0,0,0,0,0,0,0
M40D14,4,40,14,100 ng/mL,3,1,0.120481694,996530.6157,yes,160084.9289,8004246.446,120063696.7,22495,0,0,0,0,0,0,593780.2347,0,0,7598585.85,0,0,13800176.21,4191154.408,0,0,0,0,0,0,0,0,5337.351594,0,2448767.164,3079651.169,0,0,0,0,0,0,0,0,0,0,0,0,0,0,0,0,0,0,0
M40D3,4,40,3,100 ng/mL,3,1,0.070408013,1250666.139,yes,117409.2237,5870461.187,88056917.8,19776,2737.325077,0,0,0,0,0,125789.241,1758.578724,0,2471898.882,0,0,9734466.885,6354026.198,0,0,0,0,0,0,0,0,0,0,1429455.724,3564399.399,0,0,0,0,0,0,8956.603119,0,7975.01276,0,0,0,0,0,0,0,0,0,0
M40D5,4,40,5,100 ng/mL,3,1,0.076461838,1165466.378,yes,118818.2685,5940913.427,89113701.4,28836,0,0,0,0,0,0,0.00E+00,1220.519837,0,1437082.278,0,0,8207558.101,7338066.45,0,0,0,0,0,0,0,0,0,0,1287872.207,5605918.099,0,0,0,2060.240456,0,0,0,0,0,0,0,0,0,0,0,0,0,0,0
M40D8,4,40,8,100 ng/mL,3,1,0.120548492,707424.0734,yes,113705.207,5685260.35,85278905.25,22000,0,0,0,0,0,0,4845.398158,0,0,4842201.954,0,0,7552409.713,3720292.242,0,0,0,0,0,0,0,0,0,0,1300977.463,4666112.819,0,0,0,0,0,0,0,0,0,0,0,0,0,0,0,0,0,0,0
M41D0,4,41,0,800 ng/mL,3,1,0.126255493,1327311.059,yes,223440.4162,11172020.81,167580312.1,19616,0,0,6058.889955,0,0,0,1040115.361,0,0,8729371.73,0,0,11534389.48,5544434.259,0,0,0,0,0,0,0,0,0,0,1884602.436,13976416.72,0,0,0,0,0,0,7364.673165,0,0,0,0,0,0,9563.11433,0,0,0,0,0
M41D14,4,41,14,800 ng/mL,3,1,0.076016358,1569927.477,yes,159120.2254,7956011.27,119340169.1,10191,0,0,0,0,0,0,433282.9218,0,0,18351032.87,0,0,5394497.214,834362.3763,0,0,0,0,0,0,0,0,0,0,849377.2755,1285210.828,0,0,0,0,0,0,0,0,0,0,0,0,0,0,0,0,0,0,0
M41D3,4,41,3,800 ng/mL,3,1,0.130926019,3032457.35,yes,529370.0915,26468504.58,397027568.6,27968,2306814.217,1051441.147,57802496.9,18289.90717,0,0,386834.9776,0,64895.00687,1369921.895,0,0,5286116.139,1462165.289,0,96594.89242,54599.14398,0,116847.9252,0,0,0,0,0,651909.2142,2509104.059,77505.714,0,0,0,0,0,273309.557,0,269084.1902,0,0,0,0,945502.4885,41664.75557,0,0,0,0
M41D5,4,41,5,800 ng/mL,3,1,0.113194967,582724.3672,yes,87948.62068,4397431.034,65961465.51,29154,1390.894821,0,0,0,0,0,138579.2674,1250.996186,0,935267.4295,0,0,5697062.46,7278522.134,0,0,0,0,0,0,0,0,0,0,678755.5683,2791947.884,0,0,0,0,0,0,0,0,0,0,0,0,0,844.2230761,0,0,0,0,0
M41D8,4,41,8,800 ng/mL,3,1,0.130890607,725214.7326,yes,126565.0621,6328253.103,94923796.55,19284,59512.76602,0,6109.372966,0,0,0,349491.2647,2721.711179,0,6126681.327,0,0,6394701.243,4363718.405,0,0,0,0,0,0,0,0,0,0,938004.7323,5606627.483,0,0,0,9844.831711,0,0,0,0,0,0,0,0,0,0,0,0,0,0,0
M43D0,3,43,0,Control,4,3,0.146021384,403932.2743,yes,78643.66631,3932183.315,58982749.73,30178,0,0,0,0,0,0,180790.7836,0,0,4292650.104,0,0,3583240.819,3949057.12,0,0,0,0,0,0,0,0,1954.495649,0,473944.0636,2139683.385,0,0,0,0,0,0,0,0,0,0,0,0,0,0,0,0,0,0,0
M43D14,3,43,14,Control,4,3,0.199621411,250608.9654,yes,66702.55373,3335127.686,50026915.29,23968,3573111.573,0,0,0,0,0,254121.1963,0,0,1326641.46,0,0,3128976.278,2647139.329,0,0,0,0,0,0,0,0,0,0,351157.598,824980.7406,0,0,0,0,0,0,0,0,0,0,0,0,0,0,0,0,0,0,0
M43D3,3,43,3,Control,4,3,0.124616086,550281.7777,yes,91431.94845,4571597.423,68573961.34,30372,0,0,0,0,0,0,550903.679,535.0242296,0,4081232.574,0,0,5967919.801,4708081.555,0,0,0,0,0,0,0,0,15052.00737,0,500011.0711,1653275.486,0,0,0,0,0,0,0,0,0,0,0,0,0,0,0,0,0,0,0
M43D5,3,43,5,Control,4,3,0.128632528,1145705.295,yes,196499.9578,9824997.891,147374968.4,21774,0,0,0,0,0,0,2096509.435,0,0,7839357.751,0,0,8538743.201,15041059.21,0,0,0,0,0,0,0,0,4512.262919,0,665219.6775,2681975.361,0,0,0,0,0,0,0,0,0,0,0,0,0,0,0,0,0,0,0
M43D8,3,43,8,Control,4,3,0.177707752,713802.8109,yes,169131.0572,8456552.861,126848292.9,18737,0,0,0,0,0,0,1294750.293,0,0,10901547.31,0,0,11399108.63,4737262.806,0,0,0,0,0,0,0,0,0,0,1388853.847,2135914.843,0,0,0,0,0,0,0,0,0,0,0,0,0,0,0,0,0,0,0
M43FECAL,3,43,Gut,Control,4,3,0.199621411,250608.9654,yes,66702.55373,3335127.686,50026915.29,23968,3573111.573,0,0,0,0,0,254121.1963,0,0,1326641.46,0,0,3128976.278,2647139.329,0,0,0,0,0,0,0,0,0,0,351157.598,824980.7406,0,0,0,0,0,0,0,0,0,0,0,0,0,0,0,0,0,0,0
M43GUT,3,43,Gut,Control,,,,,yes,252651.4217,25265142.17,3789771326,24931,12117223.02,0,0,0,0,0,82731661.17,0,0,218194354.5,0,0,309909495.9,257315607.3,0,0,0,0,0,0,0,0,0,0,25052358.17,54837752.33,0,0,0,101340.2538,0,0,0,0,0,0,0,0,0,0,0,0,0,0,0
M44D0,3,44,0,DMSO,4,3,0.233004823,252611.9743,yes,78479.74448,3923987.224,58859808.36,26393,0,0,0,0,0,0,223570.4768,0,0,4991635.575,0,0,3307020.887,4218289.979,0,0,0,0,0,0,0,0,17097.65599,0,356055.0053,1234934.225,0,0,0,0,0,0,0,0,0,0,0,0,0,0,0,0,0,0,0
M44D14,3,44,14,DMSO,4,3,0.246444555,843883.2272,yes,277293.9019,13864695.1,207970426.4,31416,29189911.32,0,0,0,0,0,784456.8056,0,0,3594626.836,0,0,8721156.769,2596651.362,0,0,0,0,0,0,0,0,0,0,1133620.463,711638.0405,0,0,0,0,0,0,0,0,0,0,0,0,0,0,0,0,0,0,0
M44D3,3,44,3,DMSO,4,3,0.110579424,341587.4794,yes,50363.39562,2518169.781,37772546.72,23634,0,0,0,0,0,0,441111.2378,252.4847108,0,2254292.285,0,0,2573004.89,2584336.464,0,0,0,0,0,0,0,0,3729.195401,0,227730.5058,1400448.256,0,0,0,0,0,0,0,0,0,0,0,0,0,0,0,0,0,0,0
M44D5,3,44,5,DMSO,4,3,0.144378508,706865.632,yes,136074.9404,6803747.02,102056205.3,30533,0,0,0,0,0,0,1021965.887,792.0585318,0,8854843.844,0,0,7042312.38,5574435.412,0,0,0,0,0,0,0,0,10027.46441,0,664194.0922,1899369.159,0,0,0,0,0,0,0,0,0,0,0,0,0,0,0,0,0,0,0
M44D8,3,44,8,DMSO,4,3,0.164135266,1361589.924,yes,297979.899,14898994.95,223484924.3,18270,32586.16278,0,0,0,0,0,2168182.963,0,0,13148511.25,0,0,16622028.95,16730788.48,0,0,0,0,0,0,0,0,0,0,1900475.799,6012197.075,0,0,0,0,0,0,0,0,0,0,0,0,0,0,0,0,0,0,0
M45D0,3,45,0,1 ng/mL,4,3,0.119949075,892031.4008,yes,142664.4552,7133222.76,106998341.4,21977,0,0,0,0,0,0,686479.7715,0,0,9511901.325,0,0,5642079.254,4863782.277,0,0,0,0,0,0,0,0,29211.90251,0,718805.1221,4504719.276,0,0,0,0,0,0,0,0,0,0,0,0,0,0,0,0,0,0,0
M45D14,3,45,14,1 ng/mL,4,3,0.167737737,994397.0956,yes,222397.2246,11119861.23,166797918.5,26556,2854760.525,0,0,0,0,0,1733552.7,0,0,9518410.871,0,0,18724134.6,4066939.738,0,0,0,0,0,0,0,0,0,0,1334372.967,4483055.218,0,0,0,0,0,0,0,0,1874.920632,0,0,0,0,0,0,0,0,0,0
M45D3,3,45,3,1 ng/mL,4,3,0.16498391,583392.9624,yes,128333.936,6416696.8,96250452,22756,0,0,0,0,0,0,640795.5414,1002.289561,0,5321904.114,0,0,6748425.168,8760711.401,0,0,0,0,0,0,0,0,7049.447271,0,889502.1874,2050334.275,0,0,0,0,0,0,0,0,0,0,0,0,0,0,0,0,0,0,0
M45D5,3,45,5,1 ng/mL,4,3,0.081178115,1016326.037,yes,110004.5759,5500228.795,82503431.93,27559,0,0,0,0,0,0,572545.4983,709.4056942,0,3864709.06,0,0,7367383.61,5861668.417,0,0,0,0,0,0,0,0,0,0,408582.4895,3117192.146,0,0,0,6985.318071,0,0,0,0,0,0,0,0,0,0,0,0,0,0,0
M45D8,3,45,8,1 ng/mL,4,3,0.187723087,559490.2863,yes,140038.9916,7001949.58,105029243.7,27227,11066.70327,0,0,0,0,0,595989.94,0,0,5133068.251,0,0,6691036.462,10255270.3,0,0,0,0,0,0,0,0,0,0,754952.0519,3145823.934,0,0,0,0,0,0,0,0,0,0,0,0,0,0,0,0,0,0,0
M46D0,3,46,0,10 ng/mL,4,3,0.258451006,922616.2157,yes,317934.7854,15896739.27,238451089.1,31047,0,0,0,0,0,0,1747274.2,1819.982646,0,19053846.41,0,0,17851569.1,9907620.872,0,0,0,0,0,0,0,0,97284.14963,0,1582213.137,8872696.886,0,0,0,97284.14963,0,0,0,0,0,0,0,0,0,0,0,0,0,0,0
M46D14,3,46,14,10 ng/mL,4,3,0.173362183,1846435.205,yes,426802.7172,21340135.86,320102037.9,23980,5260157.157,0,0,0,0,0,2409441.97,0,0,18138862.76,0,0,30229013.01,11960443.15,0,0,0,0,0,0,0,0,0,0,1879131.537,10939266.92,0,0,0,0,0,0,0,0,0,0,0,0,0,0,0,0,0,0,0
M46D3,3,46,3,10 ng/mL,4,3,0.146778209,1236248.372,yes,241939.0958,12096954.79,181454321.9,29439,0,0,0,0,0,0,1809057.491,0,0,13968605.9,0,0,11272424.12,11382885.6,0,0,0,0,0,0,0,0,0,0,1452314.522,4969514.825,0,0,0,0,0,0,0,0,0,0,0,0,0,0,0,0,0,0,0
M46D5,3,46,5,10 ng/mL,4,3,0.176155163,1196347.128,yes,280990.2977,14049514.89,210742723.3,20190,4277.857039,0,0,0,0,0,1980605.845,0,0,14005357.52,0,0,20437116.95,9900419.648,0,0,0,0,0,0,0,0,27834.6179,0,1608254.602,5811342.815,0,0,0,0,0,0,0,0,0,0,0,0,0,0,0,0,0,0,0
M46D8,3,46,8,10 ng/mL,4,3,0.251219781,530090.6444,yes,177559.0074,8877950.37,133169255.6,24360,0,0,0,0,0,0,1581248.245,0,0,9177562.507,0,0,11529357.97,7095800.234,0,0,0,0,0,0,0,0,7288.974813,0,1184846.646,3170696.553,0,0,0,0,0,0,0,0,0,0,0,0,0,0,0,0,0,0,0
M47D0,3,47,0,100 ng/mL,4,3,0.049410273,703620.9662,yes,46354.80537,2317740.269,34766104.03,23072,0,0,0,0,0,0,288185.571,0,0,1548089.552,0,0,4039994.106,1877161.673,0,0,0,0,0,0,0,0,0,0,212770.183,1149728.558,0,0,0,6027.411044,0,7534.266702,0,0,0,0,0,0,0,0,0,0,0,0,0
M47D14,3,47,14,100 ng/mL,4,3,0.060898441,702827.0727,yes,57068.09736,2853404.868,42801073.02,19012,510686.8177,0,0,0,0,0,596022.7256,0,0,3522351.478,0,0,3289012.043,1362016.056,0,0,0,0,0,0,0,0,0,0,368125.5079,885873.2507,0,0,0,0,0,0,0,0,0,0,1023.305563,0,0,0,0,0,0,0,0
M47D3,3,47,3,100 ng/mL,4,3,0.012912999,6458962.957,yes,111206.1096,5560305.48,83404582.2,27359,0,0,0,0,0,0,3210096.307,0,0,5225773.202,0,0,6173033.261,3460075.332,0,0,0,0,0,0,0,0,10161.73628,0,918482.5091,2149971.918,0,0,0,0,0,0,0,0,0,0,0,0,0,0,0,0,0,0,0
M47D5,3,47,5,100 ng/mL,4,3,0.085153991,1006003.088,yes,114220.2372,5711011.86,85665177.9,26478,0,0,0,0,0,0,1.16E+06,0,0,3339184.392,0,0,10644540.87,5167637.494,0,0,0,0,0,0,0,0,17255.10846,0,1146946.801,1459944.533,0,0,0,0,0,55000.68498,0,0,0,0,0,0,0,0,0,0,0,0,0
M47D8,3,47,8,100 ng/mL,4,3,0.097983193,294071.7212,yes,38418.78161,1920939.081,28814086.21,23475,616233.8009,0,0,0,0,0,489440.5489,0,0,2229844.085,0,0,1712145.765,313610.1803,0,0,0,0,0,0,0,0,0,0,301327.9069,1338520.167,0,0,0,0,0,0,0,0,0,0,0,0,0,0,0,0,0,0,0
M48D0,3,48,0,800 ng/mL,4,3,0.145545171,506829.2925,yes,98355.40807,4917770.404,73766556.05,25516,1777.244937,0,0,0,0,0,479181.9603,685.0675588,0,5800424.813,0,0,4406809.672,3327531.981,0,0,0,0,0,0,0,0,54928.83981,0,439232.2888,3617353.938,0,0,0,0,0,0,0,0,0,0,0,0,0,0,0,0,0,0,0
M48D14,3,48,14,800 ng/mL,4,3,0.169705029,3548717.004,yes,802980.1628,40149008.14,602235122.1,25347,103198551.9,0,0,0,0,0,2370022.248,0,0,4844811.791,0,0,12279371.95,4514328.127,0,0,0,0,0,0,0,0,0,0,999331.6441,1081062.782,0,0,0,0,0,0,0,0,0,0,0,0,0,0,0,0,0,0,0
M48D3,3,48,3,800 ng/mL,4,3,0.137474075,648163.689,yes,118807.6048,5940380.24,89105703.6,22205,0,0,0,0,0,0,1408516.178,633.9441471,0,5486728.142,0,0,8337845.136,4167361.997,0,0,0,0,0,0,0,0,2675.244301,0,466732.5395,2817032.378,0,0,0,0,0,0,0,0,0,0,0,0,0,0,0,0,0,0,0
M48D5,3,48,5,800 ng/mL,4,3,0.135067848,846537.3373,yes,152453.3018,7622665.09,114339976.4,23132,0,0,0,0,0,0,3702258.43,1561.752216,0,8908471.012,0,0,10326726.73,3291994.817,0,0,0,0,0,0,0,0,29657.61741,0,1306801.748,1381550.382,0,0,0,0,0,0,0,0,0,0,0,0,0,0,0,0,0,0,0
M48D8,3,48,8,800 ng/mL,4,3,0.118107527,1338273.109,yes,210746.8365,10537341.83,158060127.4,23894,4066.647396,0,0,0,0,0,4699996.68,0,0,8316458.196,0,0,14060468.55,8913786.776,0,0,0,0,0,0,0,0,24255.22222,0,1524585.646,3180187.742,0,0,0,0,0,0,0,0,0,0,0,0,0,0,0,0,0,0,0
M48FECAL,3,48,Gut,800 ng/mL,4,3,0.169705029,3548717.004,yes,802980.1628,40149008.14,602235122.1,25347,103198551.9,0,0,0,0,0,2370022.248,0,0,4844811.791,0,0,12279371.95,4514328.127,0,0,0,0,0,0,0,0,0,0,999331.6441,1081062.782,0,0,0,0,0,0,0,0,0,0,0,0,0,0,0,0,0,0,0
M48GUT,3,48,Gut,800 ng/mL,,,,,yes,198452.3598,19845235.98,2976785397,27870,14533118.31,0,0,0,0,0,81495775.3,0,0,224168435.2,0,0,254547000.3,135861895.8,0,0,0,0,0,0,0,0,0,0,14119046.45,16608903.42,0,0,0,0,0,0,0,0,0,0,0,0,0,0,0,0,0,0,0
M4D0,1,4,0,10 ng/mL,1,1,0.169108803,195439.1638,yes,44067.31073,2203365.537,33050483.05,29325,16397.52308,0,599.4912264,0,0,0,1057164.641,0,0,2385802.428,0,0,1356172.401,1302296.099,0,0,0,0,0,0,0,0,0,0,757971.4802,1412464.382,0,0,0,0,0,0,0,0,336.4302395,0,0,0,0,0,0,0,0,0,0
M4D14,1,4,14,10 ng/mL,1,1,0.124290419,8390703.092,yes,1390512.004,69525600.21,1042884003,29086,26634233.15,2669070.929,48754155.74,95945.53501,0,0,2474007.909,0,0,5370900.469,412877.7768,0,5642077.62,887415.8097,0,27794.70012,2748241.16,0,10674924.68,0,0,0,0,0,2739151.843,1003945.322,18380935.44,0,0,0,14342.07453,0,63941752.32,403370.8463,21887719.32,0,0,5856913.831,481368.3005,0,0,0,55161.61121,0,2289911.235
M4D3,1,4,3,10 ng/mL,1,1,0.065360517,760706.7903,yes,66293.58547,3314679.274,49720189.1,29921,24517.11694,0,2062.409312,0,0,0,1282844.359,0,0,4761532.899,0,0,544922.9254,701659.3633,0,0,0,0,0,0,0,0,0,0,1408535.656,3343371.556,0,0,0,0,0,0,1432.512943,0,5208.36049,0,0,0,0,0,0,0,0,0,0
M4D5,1,4,5,10 ng/mL,1,1,0.045531915,972321.1499,yes,59028.85861,2951442.93,44271643.95,20808,0,0,0,0,0,0,1286149.983,0,0,3213766.094,0,0,2291191.36,1822843.668,0,0,0,0,0,0,0,0,0,0,1053768.471,1532954.603,0,0,0,0,0,0,0,0,0,0,0,0,0,0,0,0,0,0,0
M4D8,1,4,8,10 ng/mL,1,1,0.156635033,3379477.583,yes,705792.777,35289638.85,529344582.8,25514,9000382.376,363850.5294,10884933.59,4112.430323,0,0,1996920.016,0,0,6544339.358,0,0,4217978.506,544614.586,0,0,330587.6167,0,5061449.764,0,0,0,0,0,2252809.666,783207.5255,6581876.779,0,0,0,0,0,20979732.43,20747.26391,32823960.74,0,0,1835457.1,0,0,0,0,0,0,0
M50D0,4,50,0,Control,4,3,0.11793473,717935.4629,yes,112892.7,5644634.999,84669524.98,20905,1659.920012,0,0,0,0,0,1462123.82,0,0,7470377.189,0,0,4266701.918,934584.6721,0,0,0,0,0,0,0,0,0,0,1065568.806,5519416.187,0,0,0,0,0,0,0,0,0,0,0,0,0,0,0,0,0,0,0
M50D14,4,50,14,Control,4,3,0.131032819,754160.1549,yes,131759.6414,6587982.072,98819731.08,27394,9645224.543,0,0,0,0,0,440096.637,0,0,2045649.197,0,0,7065205.167,1397847.91,0,0,0,0,0,0,0,0,0,0,747789.6021,2291568.74,0,0,0,7214.696807,0,0,0,0,0,0,0,0,0,0,0,0,0,0,0
M50D3,4,50,3,Control,4,3,0.076894898,1191116.519,yes,122121.0443,6106052.214,91590783.21,26028,0,0,0,0,0,0,3423041.896,833.8667988,0,4962708.957,0,0,6512667.516,3776694.632,0,0,0,0,0,0,0,0,9383.811573,0,980166.2746,3665848.26,0,0,0,0,0,0,0,0,0,0,0,0,0,0,0,0,0,0,0
M50D5,4,50,5,Control,4,3,0.053987876,1421795.034,yes,102346.2587,5117312.934,76759694.02,23791,0,0,0,0,0,0,714651.4231,764.5532303,0,1874774.155,0,0,4588682.384,1587397.304,0,0,0,0,0,0,0,0,5377.374778,0,612049.9761,10426974.12,0,0,0,0,0,0,0,0,0,0,0,0,0,0,0,0,0,0,0
M50D8,4,50,8,Control,4,3,0.098181049,975983.7786,yes,127764.1483,6388207.413,95823111.19,25286,1942155.522,0,0,0,0,0,1210768.178,0,0,4821177.394,0,0,6455928.08,2015104.762,0,0,0,0,0,0,0,0,0,0,927062.6093,6588170.49,0,0,0,0,0,0,0,0,0,0,0,0,0,0,0,0,0,0,0
M51D0,4,51,0,DMSO,4,3,0.159479554,336853.5595,yes,107442.5109,5372125.544,53721255.44,22691,0,0,0,0,0,0,529731.2115,0,0,4515326.191,0,0,3682799.218,1455429.105,0,0,0,0,0,0,0,0,3945.862026,0,344458.0153,2689495.668,0,0,0,0,0,0,0,0,0,0,0,0,0,0,0,0,0,0,0
M51D14,4,51,14,DMSO,4,3,0.136255397,1209358.787,yes,219708.8823,10985444.12,164781661.7,27799,16144237.59,0,0,0,0,0,844684.5985,0,0,3800501.292,0,0,9105024.327,3264631.831,0,0,0,0,0,0,0,0,0,0,1272019.52,4451635.954,0,0,0,0,0,0,0,0,0,0,0,0,0,0,0,0,0,0,0
M51D3,4,51,3,DMSO,4,3,0.125,1211910.246,yes,201985.041,10099252.05,151488780.7,21514,0,0,0,0,0,0,1255130.374,0,0,7593416.061,0,0,9589420.47,9616798.47,0,0,0,0,0,0,0,0,42248.40308,0,1078876.179,9130941.532,0,0,0,0,0,0,0,0,0,0,0,0,0,0,0,0,0,0,0
M51D5,4,51,5,DMSO,4,3,0.209407666,689219.929,yes,192437.2489,9621862.444,144327936.7,23227,0,0,0,0,0,0,1579858.697,0,0,7824785.414,0,0,8533245.751,8630968.435,0,0,0,0,0,0,0,0,20712.64652,0,1226758.844,8529994.193,0,0,0,0,0,0,0,0,0,0,0,0,0,0,0,0,0,0,0
M51D8,4,51,8,DMSO,4,3,0.189058296,824944.1299,yes,207950.042,10397502.1,155962531.5,20668,0,0,0,0,0,0,2284577.918,0,0,8421806.04,0,0,12610803.48,6046302.432,0,0,0,0,0,0,0,0,12576.81854,0,1622570.721,8974184.267,0,0,0,0,0,0,0,0,0,0,0,0,0,0,0,0,0,0,0
M52D0,4,52,0,1 ng/mL,4,3,0.117749394,376570.4285,yes,59121.253,2956062.65,44340939.75,20205,0,0,0,0,0,0,311626.5061,0,0,4460902.744,0,0,1439969.342,572229.649,0,0,0,0,0,0,0,0,0,0,405945.1856,3346144.411,0,0,0,0,0,0,0,0,0,0,0,0,0,0,0,0,0,0,0
M52D14,4,52,14,1 ng/mL,4,3,0.08470941,702636.5452,yes,79359.90292,3967995.146,59519927.19,26054,1927298.699,0,0,0,0,0,716185.5023,360.8976211,0,2532674.049,0,0,4118244.158,2631153.615,0,0,0,0,0,0,0,0,0,0,659852.8822,2289052.238,0,0,0,0,0,2284.481941,0,0,0,0,0,0,0,0,0,0,0,0,0
M52D3,4,52,3,1 ng/mL,4,3,0.122699094,689842.9305,yes,112857.4701,5642873.505,84643102.57,25243,0,0,0,0,0,0,1113239.713,1854.024926,0,5470572.194,0,0,7617549.86,1650579.076,0,0,0,0,0,0,0,0,7823.985186,0,890810.5305,4877968.289,0,0,0,0,0,0,0,0,0,0,0,0,0,0,0,0,0,0,0
M52D5,4,52,5,1 ng/mL,4,3,0.090693257,710238.338,yes,85885.10416,4294255.208,64413828.12,24507,0,0,0,0,0,0,773402.2445,0,0,2347158.505,0,0,6301019.954,1907550.317,0,0,0,0,0,0,0,0,11389.67456,0,542597.8983,5000502.225,0,0,0,0,0,0,0,0,0,0,0,0,0,0,0,0,0,0,0
M52D8,4,52,8,1 ng/mL,4,3,0.062570348,3122044.779,yes,260463.2377,13023161.89,195347428.3,20960,11459.04812,0,0,0,0,0,2632903.09,0,0,14562996.47,0,0,16020343.04,3623154.22,0,0,0,0,0,0,0,0,0,0,1540001.832,10638792.41,0,0,0,0,0,0,0,0,0,0,0,0,0,0,0,0,0,0,0
M53D0,4,53,0,10 ng/mL,4,3,0.094243617,407488.675,yes,51204.27549,2560213.775,38403206.62,23787,0,0,0,0,0,0,552953.2173,0,0,2690105.541,0,0,2195280.407,869387.7672,0,0,0,0,0,0,0,0,2152.614941,0,216878.368,2954465.388,0,0,0,0,0,0,0,0,0,0,0,0,0,0,0,0,0,0,0
M53D14,4,53,14,10 ng/mL,4,3,0.130537679,304102.7137,yes,52929.14991,2646457.496,39696862.43,22005,1211780.436,0,0,0,0,0,475803.1097,0,0,2316608.914,0,0,2321895.889,616965.5495,0,0,0,0,0,0,0,0,0,0,212917.6143,2481392.149,0,0,0,0,0,0,0,0,0,0,0,0,0,0,0,0,0,0,0
M53D3,4,53,3,10 ng/mL,4,3,0.044461421,5887011.861,yes,348993.217,17449660.85,261744912.8,28715,0,0,0,0,0,0,4500663.466,0,0,16043621.41,0,0,14956703.5,10610171.62,0,0,0,0,0,0,0,0,0,0,1506170.884,17503592.82,0,0,0,0,0,0,0,0,0,0,0,0,0,0,0,0,0,0,0
M53D5,4,53,5,10 ng/mL,4,3,0.117750249,1094464.285,yes,171831.2561,8591562.807,128873442.1,24899,0,0,0,0,0,0,3949172.114,0,0,6565659.171,0,0,5996523.135,4861415.339,0,0,0,0,0,0,0,0,20703.3896,0,768602.3149,9975153.279,0,0,0,0,0,0,0,0,0,0,0,0,0,0,0,0,0,0,0
M53D8,4,53,8,10 ng/mL,4,3,0.144212077,380030.8206,yes,73073.37862,3653668.931,54805033.96,30392,1687241.533,0,0,0,0,0,1299708.094,0,0,1500500.157,0,0,4340307.146,1799665.167,0,0,0,0,0,0,0,0,0,0,207414.9434,2972693.425,0,0,0,0,0,27049.07932,0,0,0,0,0,0,0,0,0,0,0,0,0
M54D0,4,54,0,100 ng/mL,4,3,0.105711044,548956.2157,yes,77374.31289,3868715.645,58030734.67,21823,0,0,0,0,0,0,368292.9426,0,0,2695266.75,0,0,3137483.201,3893667.386,0,0,0,0,0,0,0,0,0,0,534113.4872,4047898.353,0,0,0,0,0,0,0,0,0,0,0,0,0,0,0,0,0,0,0
M54D14,4,54,14,100 ng/mL,4,3,0.140165531,182365.2327,yes,34081.75957,1704087.978,25561319.68,20675,887478.9674,0,0,0,0,0,1047179.574,0,0,1434001.216,0,0,1459103.401,463936.4056,0,0,0,0,0,0,0,0,824.226457,0,164491.5242,743040.0526,0,0,0,0,0,0,0,0,0,0,0,0,0,0,0,0,0,0,0
M54D3,4,54,3,100 ng/mL,4,3,0.172485738,1096727.106,yes,252226.3791,12611318.95,189169784.3,27034,0,0,0,0,0,0,3066644.142,1658.164308,0,13525575.24,0,0,9571623.483,4506374.983,0,0,0,0,0,0,0,0,34987.393,0,1030100.678,14685954.16,0,0,0,0,0,0,0,0,0,0,0,0,0,0,0,0,0,0,0
M54D5,4,54,5,100 ng/mL,4,3,0.187750459,710401.451,yes,177837.598,8891879.902,133378198.5,25421,0,0,0,0,0,0,4.60E+06,0,0,8793201.744,0,0,9321292.735,3565181.774,0,0,0,0,0,0,0,0,27982.79051,0,1125916.814,6056086.921,0,0,0,0,0,0,0,0,0,0,0,0,0,0,0,0,0,0,0
M54D8,4,54,8,100 ng/mL,4,3,0.074719621,731750.9177,yes,72901.53498,3645076.749,54676151.24,23187,2648942.814,0,0,0,0,0,884269.4933,0,0,1885471.198,0,0,4262904.78,1346447.683,0,0,0,0,0,0,0,0,1572.03412,0,684138.6746,1967204.864,0,0,0,0,0,0,0,0,0,0,0,0,0,0,0,0,0,0,0
M55D0,4,55,0,800 ng/mL,4,3,0.058112667,1888812.775,yes,146351.9304,7317596.52,109763947.8,29694,0,0,0,0,0,0,465759.329,0,0,8889860.547,0,0,5971017.253,1442560.116,0,0,0,0,0,0,0,0,0,0,1391344.53,8950156.886,0,0,0,0,0,0,0,0,0,0,0,0,0,0,0,0,0,0,0
M55D14,4,55,14,800 ng/mL,4,3,0.111901819,1489295.444,yes,222206.4923,11110324.61,166654869.2,22792,6624243.127,0,0,0,0,0,1694553.626,0,0,6194127.911,0,0,17258930.65,5619264.088,0,0,0,0,0,0,0,0,0,0,1908021.369,3262975.39,0,0,0,0,0,0,0,0,0,0,0,0,0,0,0,0,0,0,0
M55D3,4,55,3,800 ng/mL,4,3,0.113314399,1870980.889,yes,282678.7667,14133938.34,212009075,27474,0,0,0,0,0,0,3019165.426,0,0,6341680.364,0,0,7524378.111,2978652.665,0,0,0,0,0,0,0,0,0,0,1543343.356,32136266.75,0,0,0,0,0,0,0,0,0,0,0,0,0,0,0,0,0,0,0
M55D5,4,55,5,800 ng/mL,4,3,0.027940016,4514183.682,yes,168168.4858,8408424.288,126126364.3,26330,0,0,0,0,0,0,2245413.349,1135.117354,0,7762908.284,0,0,9741542.614,2231042.7,0,0,0,0,0,0,0,0,15967.38751,0,818242.7316,9018777.524,0,0,0,0,0,4790.216254,0,0,0,0,0,0,0,0,0,0,0,0,0
M55D8,4,55,8,800 ng/mL,4,3,0.147637795,154635.6053,yes,30440.07974,1522003.987,22830059.8,26584,51210.60304,0,0,0,0,0,239172.8718,0,0,1198594.468,0,0,2086884.249,1089374.47,0,0,0,0,0,0,0,0,0,0,278277.2842,960770.7394,0,0,0,0,0,0,0,0,0,0,0,0,0,0,0,0,0,0,0
M57D0,5,57,0,Control,5,1,0.154767609,1062139.245,yes,219179.6686,10958983.43,164384751.4,26818,6143459.287,0,0,0,0,0,11425653.55,0,0,3704271.594,0,0,10781176,5352710.29,0,0,0,0,0,0,0,0,0,683455.1249,983899.6724,2090208.088,0,0,0,0,0,0,0,0,0,0,0,0,0,0,0,0,0,0,0
M57D14,5,57,14,Control,5,1,0.166266531,1094802.232,yes,242705.2922,12135264.61,182028969.2,26166,11435785.68,0,0,0,0,0,907849.1419,0,0,2523592.473,0,0,15570051.88,9843728.191,0,0,0,0,0,0,0,0,0,986111.9966,1331625.502,3013989.572,0,0,0,0,0,0,0,0,0,0,0,0,0,0,0,0,0,0,0
M57D3,5,57,3,Control,5,1,0.164729459,,,,,,,,,,,,,,,,,,,,,,,,,,,,,,,,,,,,,,,,,,,,,,,,,,,
M57D5,5,57,5,Control,5,1,0.09944212,519180.8874,yes,68837.93081,3441896.541,51628448.11,23365,3404580.045,0,0,0,0,0,321503.9247,0,0,317807.5383,0,0,7303122.081,814808.0543,0,0,0,0,0,0,0,0,0,197211.1721,652462.8666,573956.323,0,0,0,0,0,0,0,0,0,0,0,0,0,0,0,0,0,0,0
M57D8,5,57,8,Control,5,1,0.155222584,,,,,,,,,,,,,,,,,,,,,,,,,,,,,,,,,,,,,,,,,,,,,,,,,,,
M58D0,5,58,0,DMSO,5,1,0.192921453,1872424.097,yes,481641.0367,24082051.83,361230777.5,28969,42928004.65,0,0,0,0,0,4432929.73,0,0,5162296.492,0,0,18221289.66,6496642.426,0,0,0,0,0,0,0,0,0,1016269.421,2889941.721,2858647.35,0,0,0,0,0,0,7166.413798,0,0,0,0,0,0,0,0,0,0,0,0
M58D14,5,58,14,DMSO,5,1,0.264520525,2794286.45,yes,985528.1583,49276407.91,739146118.7,27701,140692742.7,0,0,0,0,0,587026.3365,0,0,1207872.892,0,0,7291754.149,4262611.133,0,0,0,0,0,0,0,0,0,0,950510.8201,200122.5181,0,0,0,0,0,0,0,0,0,0,0,0,0,0,0,0,0,0,0
M58D3,5,58,3,DMSO,5,1,0.148156706,1336475.968,yes,264010.5027,13200525.13,198007877,26123,7331310.178,0,0,0,0,0,2766637.637,0,0,7834049.771,0,0,14718070.64,6643720.23,0,0,0,0,0,0,0,0,0,1925276.625,2241417.299,6145346.482,0,0,0,0,0,0,0,0,0,0,0,0,0,0,0,0,0,0,0
M58D5,5,58,5,DMSO,5,1,0.1364301,1900029.031,yes,345628.201,17281410.05,259221150.7,27336,17696646.78,0,0,0,0,0,2441814.701,0,0,7699389.286,0,0,19256014.32,7069409.104,0,0,0,0,0,0,0,0,0,1706899.603,2315750.704,5262940.389,0,0,0,0,0,0,0,0,0,0,0,0,0,0,0,0,0,0,0
M58D8,5,58,8,DMSO,5,1,0.180515279,2331082.716,yes,561061.3958,28053069.79,420796046.8,29066,60412895.06,0,0,0,0,0,1704697.385,0,0,3080141.345,0,0,18250912.47,6608869.332,0,0,0,0,0,0,0,0,0,821584.5041,1907518.868,2312742.308,0,0,0,0,0,0,0,0,0,0,0,0,0,0,0,0,0,0,0
M59D0,5,59,0,1 ng/mL,5,1,0.136227358,1376127.347,yes,249954.9236,12497746.18,187466192.7,25081,794924.0756,0,0,0,0,0,5723545.185,0,0,11994461.71,0,0,15958919.29,2793568.431,0,0,0,0,0,0,0,0,0,2081628.915,2101181.109,6214988.981,0,0,0,0,0,0,0,0,0,0,0,0,0,0,0,0,0,0,0
M59D14,5,59,14,1 ng/mL,5,1,0.083767216,656823.2106,yes,73360.33568,3668016.784,55020251.76,23186,5257544.503,0,0,0,0,0,444936.479,0,0,2156202.469,0,0,2628109.292,580197.1655,0,0,0,0,0,0,0,0,0,298404.0686,535706.0745,897585.1879,0,0,0,0,0,0,0,0,0,0,0,0,0,0,0,0,0,0,0
M59D3,5,59,3,1 ng/mL,5,1,0.086304486,875408.8776,yes,100735.6176,5036780.881,75551713.22,28926,13722625,0,0,0,0,0,292532.3805,0,0,620191.0177,0,0,817296.0857,136471.5906,0,0,0,0,0,0,0,0,0,58114.6989,105372.6554,163896.5036,0,0,0,0,0,0,0,0,0,0,0,0,0,0,0,0,0,0,0
M59D5,5,59,5,1 ng/mL,5,1,0.105596936,2546421.53,yes,358525.7484,17926287.42,268894311.3,21965,46200797.54,0,0,0,0,0,1634299.626,0,0,3000032.087,0,0,3639497.02,498859.247,0,0,0,0,0,0,0,0,0,425407.5392,509643.2358,1328250.978,0,0,0,0,0,0,0,0,0,0,0,0,0,0,0,0,0,0,0
M59D8,5,59,8,1 ng/mL,5,1,0.097963143,2228426.764,yes,291071.5863,14553579.32,218303689.7,25236,38804879.29,0,0,0,0,0,629322.9297,0,0,813430.6315,0,0,4883758.443,270327.6966,0,0,0,0,0,0,0,0,0,211936.9172,716542.5107,650949.1301,0,0,0,0,0,0,0,0,0,0,0,0,0,0,0,0,0,0,0
M5D0,1,5,0,100 ng/mL,1,1,0.108206768,704740.4714,yes,101676.9182,5083845.912,76257688.69,22145,0,0,0,0,0,0,728313.4494,0,0,6470496.204,0,0,3220196.167,1205246.822,0,0,0,0,0,0,0,0,0,0,1271014.422,5848029.803,0,0,0,0,0,0,0,0,0,0,0,0,0,0,0,0,0,0,0
M5D14,1,5,14,100 ng/mL,1,1,0.139821081,6010414.193,yes,1120510.146,56025507.32,840382609.7,24441,8278966.596,250183.0004,106938313.4,13630.9393,0,0,4143288.168,0,29472.09807,5384017.534,0,0,4264458.714,1340981.303,0,0,0,0,0,0,0,0,0,0,1947942.328,1315193.112,0,0,0,0,0,0,0,0,18120951.59,0,0,0,207081.3466,0,0,0,0,0,0
M5D3,1,5,3,100 ng/mL,1,1,0.139594037,1467691.903,yes,273174.717,13658735.85,204881037.8,25064,0,0,0,0,0,0,4344648.537,0,0,22871263.14,0,0,4686116.434,2875315.389,0,0,0,0,0,0,0,0,0,0,3220610.063,10434513.45,0,0,0,0,0,0,0,0,0,0,0,0,0,0,0,0,0,0,0
M5D5,1,5,5,100 ng/mL,1,1,0.133049714,688080.7795,yes,122065.2679,6103263.394,91548950.92,22217,0,0,0,0,0,0,4.09E+06,0,0,5634975.403,0,0,4217191.372,2681526.746,0,0,0,0,0,0,0,0,0,0,2368059.504,4381303.598,0,0,0,0,0,0,0,0,0,0,0,0,0,0,0,0,0,0,0
M5D8,1,5,8,100 ng/mL,1,1,0.151970891,575725.2922,yes,116657.9808,5832899.042,87493485.63,26005,1378.888369,0,0,0,0,0,1902617.415,0,0,6728281.81,0,0,2676434.291,2594019.505,0,0,0,0,0,0,0,0,0,0,2049015.948,5624581.216,0,0,0,0,0,0,0,0,88380.55204,0,5352.592947,0,0,0,0,0,0,0,0
M60D0,5,60,0,10 ng/mL,5,1,0.157208707,2291348.639,yes,480293.2759,24014663.79,360219956.9,25133,3724113.135,0,0,0,0,0,38439896.69,0,0,7779684.047,0,0,10273812.3,18965545.61,0,0,0,0,0,0,0,0,0,1780819.221,5037921.758,5371122.796,0,0,0,0,0,0,16474.16287,0,0,0,0,0,0,0,0,0,0,0,0
M60D14,5,60,14,10 ng/mL,5,1,0.221265512,742843.1079,yes,219154.0808,10957704.04,164365560.6,25289,30568904.97,0,0,0,0,0,170611.5751,0,0,378468.1398,0,0,1904955.139,485836.7371,0,0,0,0,0,0,0,0,0,248605.4169,256632.1327,697070.11,0,0,0,0,0,0,0,0,0,0,0,0,0,0,0,0,0,0,0
M60D3,5,60,3,10 ng/mL,5,1,0.099198835,2984476.683,yes,394742.1466,19737107.33,296056610,21643,7627215.563,0,0,0,0,0,25778250.77,0,0,8502991.76,0,0,20428267.14,5095462.14,0,0,0,0,0,0,0,0,0,1333711.565,2512726.094,3700194.633,0,0,0,0,0,0,0,0,0,0,0,0,0,0,0,0,0,0,0
M60D5,5,60,5,10 ng/mL,5,1,0.127430933,1486327.127,yes,252538.7366,12626936.83,189404052.5,31891,17367019.03,0,0,0,0,0,5422404.44,0,0,3220071.235,0,0,11425200.48,3319960.648,0,0,0,0,0,0,0,0,0,806233.7206,1215860.049,2482546.616,0,0,0,0,0,0,0,0,0,0,0,0,0,0,0,0,0,0,0
M60D8,5,60,8,10 ng/mL,5,1,0.109511385,8547791.3,yes,1248107.285,62405364.26,936080463.9,35289,168054967.2,0,0,0,0,0,3169871.975,0,0,3220249.889,0,0,19117928.6,1883355.046,0,0,0,0,0,0,0,0,0,709573.7977,1764613.719,2374088.209,0,0,0,0,0,0,0,0,0,0,0,0,0,0,0,0,0,0,0
M61D0,5,61,0,100 ng/mL,5,1,0.17629498,1331524.146,yes,312988.0302,15649401.51,234741022.7,24925,3859792.857,0,0,0,0,0,3044334.433,0,0,6662288.376,0,0,14918736.88,20340297.82,0,0,0,0,0,0,0,0,0,2071936.824,2736444.005,6406522.824,0,0,0,0,0,9417.891989,0,0,0,0,0,0,0,0,0,0,0,0,0
M61D14,5,61,14,100 ng/mL,5,1,0.204586917,5013642.617,yes,1367634.248,68381712.38,1025725686,27596,53331939.68,0,13009276.33,0,0,0,799141.3431,0,0,9223508.139,3818307.07,10214140.48,13974786.76,1198712.015,0,0,0,0,32807982.46,0,0,0,0,0,1132628.754,622586.7709,19834339.98,0,0,0,0,0,75032977.24,0,965293.9087,0,0,0,0,0,0,0,0,0,0
M61D3,5,61,3,100 ng/mL,5,1,0.158628814,898978.5979,yes,190138.545,9506927.252,142603908.8,26748,2361978.728,0,0,0,0,0,919664.0517,0,0,4977057.136,0,0,12854563.69,10357549.85,0,0,0,0,0,0,0,0,0,775716.6358,1370600.931,3169508.879,0,0,0,0,0,0,0,0,0,0,0,0,0,0,0,0,0,0,0
M61D5,5,61,5,100 ng/mL,5,1,0.200398974,2700410.767,yes,721546.0627,36077303.13,541159547,28706,68646792.6,0,0,0,0,0,3.30E+06,0,0,8704407.784,0,0,23878936.73,14709110.86,0,0,0,0,0,0,0,0,0,428878.276,2257360.418,1281921.87,32503.16203,0,0,0,0,0,0,0,11254.82626,0,0,0,0,0,0,0,0,0,0
M61D8,5,61,8,100 ng/mL,5,1,0.208781461,1687796.468,yes,469840.8165,23492040.82,352380612.4,30039,41665869.56,0,4255524.153,0,0,0,689182.7421,0,0,3970600.306,0,30500.022,12949643.17,2114471.405,0,0,0,0,78068.16585,0,0,0,0,134903.896,1087487.706,348990.4466,2582117.845,0,0,0,0,0,8852012.411,0,978731.4181,0,0,0,0,0,0,0,0,0,0
M62D0,5,62,0,800 ng/mL,5,1,0.130175816,605945.8553,yes,105172.6615,5258633.077,78879496.16,23790,1023233.698,0,49970.02096,0,0,0,460047.505,0,0,1424504.784,0,0,5920390.549,3197122.914,0,0,0,0,0,0,0,0,0,1860912.867,1182537.133,5460059.272,23819.38652,0,0,0,0,0,61930.37775,0,0,0,0,0,0,0,0,0,0,0,0
M62D14,5,62,14,800 ng/mL,5,1,0.141422222,708491.3275,yes,133595.2237,6679761.186,100196417.8,27414,6163210.866,0,673959.8344,0,0,0,459608.2076,0,0,1384513.854,63130.72659,0,7249505.338,5511643.601,0,0,0,0,0,0,0,0,0,373717.2081,1041578.358,998711.2761,203752.1796,0,0,0,0,0,784550.9365,0,0,0,0,0,0,0,0,0,0,0,0
M62D3,5,62,3,800 ng/mL,5,1,0.151122141,2255204.152,yes,454415.0398,22720751.99,340811279.8,28692,2818654.688,0,0,0,0,0,5015598.873,0,0,18308664.49,0,0,38306524.14,14631057.21,0,0,0,0,0,0,0,0,0,1407574.783,4460723.209,3976250.399,0,0,0,0,0,0,0,0,0,0,0,0,0,0,0,0,0,0,0
M62D5,5,62,5,800 ng/mL,5,1,0.193881076,861003.8032,yes,222576.4585,11128822.92,166932343.8,20662,15001146.16,0,2011204.046,0,0,0,1611799.554,0,0,4001362.992,0,0,10168141.02,3395282.055,0,0,0,0,0,0,0,0,0,377702.4149,1567294.605,971523.2879,0,0,0,0,0,0,0,0,0,0,0,0,0,0,0,0,0,0,0
M62D8,5,62,8,800 ng/mL,5,1,0.191509742,1034929.742,yes,264265.5037,13213275.19,198199127.8,30938,825734.282,0,0,0,0,0,2130105.684,0,0,10081406.18,0,0,17274013.02,8991288.27,0,0,0,0,0,0,0,0,0,2514485.69,1913651.368,7162280.21,0,0,0,0,0,0,0,0,0,0,0,0,0,0,0,0,0,0,0
M6D0,1,6,0,800 ng/mL,1,1,0.109301548,1874291.852,yes,273150.6678,13657533.39,204863000.8,22931,5492.133567,0,0,0,0,0,7397259.814,0,0,15972542.92,0,0,11321624.67,955926.1007,0,0,0,0,0,0,0,0,0,0,5137944.541,11031119.01,0,0,0,0,0,0,0,0,0,0,0,0,0,0,0,0,0,0,0
M6D14,1,6,14,800 ng/mL,1,1,0.196714129,665181.9611,yes,174467.5868,8723379.342,130850690.1,24475,0,0,0,0,0,0,4587125.314,0,0,10878510.24,0,0,3297687.658,5983846.156,0,0,0,0,0,0,0,0,0,0,1895297.723,5074975.189,0,0,0,0,0,0,0,0,0,0,0,0,0,0,0,0,0,0,0
M6D3,1,6,3,800 ng/mL,1,1,0.0733869,1171465.559,yes,114626.9678,5731348.39,85970225.86,22012,0,0,0,0,0,0,1574936.109,0,0,7650489.815,0,0,3546713.569,1397230.988,0,0,0,0,0,0,0,0,0,0,1268903.303,5533269.021,0,0,0,0,0,0,0,0,0,0,0,0,0,0,0,0,0,0,0
M6D5,1,6,5,800 ng/mL,1,1,0.111434185,878618.3436,yes,130544.1587,6527207.936,97908119.04,23337,0,0,0,0,0,0,2610589.507,0,0,9456921.688,0,0,3258051.696,1064583.494,0,0,0,0,0,0,0,0,0,0,1852819.59,5520101.46,0,0,0,0,0,0,0,0,0,0,0,0,0,0,0,0,0,0,0
M6D8,1,6,8,800 ng/mL,1,1,0.153863819,1839417.51,yes,377359.7373,18867986.86,283019802.9,26228,0,0,0,0,0,0,7003197.028,0,0,21565958.68,0,0,9274212.519,10345632.03,0,0,0,0,0,0,0,0,0,0,5418531.344,16326405.45,0,0,0,0,0,0,0,0,0,0,0,0,0,0,0,0,0,0,0
M71D0,5,71,0,Control,6,3,0.209622324,728028.1985,yes,203481.2838,10174064.19,152610962.9,22910,4717528.754,0,0,0,0,0,1114106.651,0,0,5822491.739,0,0,11990385.52,3438909.188,0,0,0,0,0,0,0,0,0,2604578.186,903424.3475,7650532.129,0,0,0,0,0,0,0,0,3976.905025,0,0,0,0,0,0,0,0,0,0
M71D14,5,71,14,Control,6,3,0.13814595,1086367.946,yes,200103.1094,10005155.47,150077332,22708,3311275.039,80146.53121,261313.5862,0,0,0,391583.6507,0,0,4355689.22,0,15861.61319,12203839.18,13667426.58,0,0,0,0,0,0,0,0,0,692293.4883,1137429.98,2063662.442,0,0,0,0,0,0,62671.60385,0,0,0,0,0,0,0,0,0,0,0,0
M71D3,5,71,3,Control,6,3,0.178814602,481917.81,yes,114898.5885,5744929.427,86173941.4,23786,4136621.907,102062.6155,1379137.231,3231.514262,0,0,260847.7235,0,0,2567328.337,0,89122.96879,5558354.123,2694520.688,0,2184.342411,12938.87526,0,0,0,0,0,0,108686.5389,730796.5197,311568.1112,501790.3903,0,0,0,0,0,1772923.306,0,425553.8038,0,0,0,0,28388.28473,0,0,0,0,0
M71D5,5,71,5,Control,6,3,0.154507743,4105100.788,yes,845693.1433,42284657.17,634269857.5,24919,6498927.299,2179673.099,30543915.45,156402.5863,0,0,458158.806,0,0,4713567.049,0,15979558.46,15944596.43,5332458.599,0,17538.8454,419559.23,0,0,0,0,0,0,279985.9018,1878953.404,1043583.7,11834304.33,0,3242745.747,0,0,0,44257957.99,0,303919.5849,0,0,0,1162482.792,717060.179,0,0,0,0,0
M71D8,5,71,8,Control,6,3,0.188980457,2250350.673,yes,567029.7314,28351486.57,425272298.6,17225,5276820.859,188854.3035,5502550.541,0,0,0,1530733.404,0,0,13955013.31,0,740677.455,31621514.47,23028896.21,0,0,0,0,8647.699927,0,0,0,0,4783541.809,3306028.155,13603775.72,723650.4311,0,0,0,0,0,2454735.62,0,7369.905461,0,0,0,0,0,0,0,0,0,0
M71FECAL,5,71,Gut,Control,6,3,0.13814595,1086367.946,yes,200103.1094,10005155.47,150077332,22708,3311275.039,80146.53121,261313.5862,0,0,0,391583.6507,0,0,4355689.22,0,15861.61319,12203839.18,13667426.58,0,0,0,0,0,0,0,0,0,692293.4883,1137429.98,2063662.442,0,0,0,0,0,0,62671.60385,0,0,0,0,0,0,0,0,0,0,0,0
M71GUT,5,71,Gut,Control,,,,,yes,473393.9437,47339394.37,7100909156,15870,22005358.06,0,0,0,0,0,131995475.3,0,0,459687111.4,0,0,686078178.4,399565965.8,0,0,0,0,0,0,0,0,0,18456993.74,24580519.32,54364239.18,0,0,0,0,0,0,0,0,0,0,0,0,0,0,0,0,0,0,0
M72D0,5,72,0,DMSO,6,3,0.118242239,2145253.4,yes,338212.7536,16910637.68,253659565.2,25808,9119761.688,18337.17301,0,0,0,0,2422779.112,0,0,15851336.44,0,0,16080137.6,3575196.308,0,0,0,0,0,0,0,0,0,3054274.239,2914868.908,8867961.229,0,0,0,0,0,0,0,0,0,0,0,0,0,0,0,0,0,0,0
M72D14,5,72,14,DMSO,6,3,0.175520413,1207301.482,yes,282541.4062,14127070.31,211906054.7,25557,1654903.348,360433.0642,0,0,0,0,700632.3522,0,0,5380949.5,0,0,14401825.54,14765101.82,0,0,116172.1968,0,0,0,0,9949.794509,0,1581605.021,2249026.895,4811147.169,0,0,0,0,0,0,0,0,5170435.496,0,0,0,0,0,0,0,0,0,0
M72D3,5,72,3,DMSO,6,3,0.187831704,437574.1584,yes,109587.0664,5479353.32,82190299.8,20245,2826041.323,0,0,0,0,0,574459.2376,0,0,3500100.688,0,0,4437720.356,3887241.886,0,0,0,0,0,0,0,0,0,1075842.402,733548.7079,3187944.336,0,0,0,0,0,0,0,0,0,0,0,0,0,0,0,0,0,0,0
M72D5,5,72,5,DMSO,6,3,0.141518537,1087230.397,yes,205151.0069,10257550.35,153863255.2,27859,3480123.751,277176.8175,0,2736.829308,0,0,874003.373,0,0,4035374.031,0,0,11803807.68,12753821.81,0,0,59174.24395,0,0,0,0,0,0,944420.6996,1116437.393,2720042.13,0,0,0,0,0,13807.30386,0,0,576198.0262,0,0,0,0,102009.3001,0,0,0,0,11602.77635
M72D8,5,72,8,DMSO,6,3,0.152737117,1513338.237,yes,308190.559,15409527.95,231142919.3,30129,6833853.99,14313.00779,0,0,0,0,749916.0422,0,0,5726996.055,0,0,16622179.92,20171015.3,0,0,8430.493474,0,0,0,0,0,0,1657103.46,1333506.059,4936787.452,0,0,0,0,0,0,0,0,199237.1581,0,0,0,0,0,0,0,0,0,0
M73D0,5,73,0,1 ng/mL,6,3,0.146190864,2096971.663,yes,408744.1322,20437206.61,306558099.2,21537,8321651.71,0,0,0,0,0,1458987.093,0,0,14998440.09,0,0,24787713.17,13127325.39,0,0,0,0,0,0,0,0,0,2857479.621,1857142.648,9102656.079,0,0,0,0,0,0,0,0,0,0,0,0,0,0,0,0,0,0,0
M73D14,5,73,14,1 ng/mL,6,3,0.158627839,703499.6417,yes,148792.8372,7439641.86,111594627.9,25580,356694.0254,0,0,0,0,0,297745.6267,0,0,5717125.53,0,0,9391978.615,6517684.689,0,0,0,0,0,0,0,0,0,1300046.866,1230133.351,3866330.69,0,0,0,0,0,0,0,0,0,0,0,0,0,0,0,0,0,0,0
M73D3,5,73,3,1 ng/mL,6,3,0.135646078,704824.9366,yes,127475.6511,6373782.555,95606738.33,27127,2156536.015,0,0,0,0,0,496942.1709,0,0,5325053.731,0,0,8289248.915,5087489.458,0,0,0,0,0,0,0,0,0,437908.2606,889422.5521,1350731.091,0,0,0,0,0,0,5063.805401,0,0,0,4005.009726,0,0,0,0,0,0,0,0
M73D5,5,73,5,1 ng/mL,6,3,0.205071665,1348035.899,yes,368591.955,18429597.75,276443966.3,31475,8189039.225,0,0,0,0,0,2362618.82,0,0,11831708.13,0,0,22964959.71,15613924.13,0,0,4825.807892,0,0,0,0,0,0,1558977.067,2702742.115,4512250.626,0,0,0,0,0,0,0,0,0,0,0,0,0,0,0,0,0,0,0
M73D8,5,73,8,1 ng/mL,6,3,0.180966859,2129277.524,yes,513771.5538,25688577.69,385328665.4,31334,28576478.7,128480.9421,104659.2281,0,0,0,5850517.375,0,0,6776255.678,0,0,20942614.23,22707263.06,0,0,0,0,0,0,0,0,0,1112920.316,3193117.77,3145075.879,0,0,0,0,0,0,42405.08744,0,7341.776333,0,0,0,0,548338.2909,0,0,0,0,36169.08565
M74D0,5,74,0,10 ng/mL,6,3,0.132177709,9219390.601,yes,1624797.237,81239861.85,1218597928,31608,131437295,683316.9658,30330093.05,15283.80255,0,0,877091.3422,0,0,4616896.453,0,0,9852551.976,4655331.064,0,63093.56372,52958.12335,0,7514887.262,0,0,0,0,443364.9212,910060.4385,1281902.567,6015669.95,0,0,0,0,0,5705469.545,0,34174482.15,0,0,0,0,273326.7408,0,0,0,0,356376.4039
M74D14,5,74,14,10 ng/mL,6,3,0.127088989,3134213.027,yes,531098.6199,26554931,398323964.9,31233,1479174.33,1962962.05,1230105.975,51822.14522,221057.3197,0,551580.405,0,0,1729306.2,2442451.096,0,9294976.204,3730341.573,161094.3708,58219.21598,304817.9613,60578.20398,4842235.464,0,312413.1046,0,0,468683.9101,935972.0793,1565468.151,7904849.997,281367.834,0,0,66317.19591,0,8150387.762,510132.2073,25144948.48,0,0,2139653.937,0,509180.4226,0,0,39241.03861,0,9431015.263
M74D3,5,74,3,10 ng/mL,6,3,0.116065265,,,,,,,,,,,,,,,,,,,,,,,,,,,,,,,,,,,,,,,,,,,,,,,,,,,
M74D5,5,74,5,10 ng/mL,6,3,0.12846182,3143944.506,yes,2385809.904,26925122.22,403876833.2,28081,19493092.35,593012.5049,2953016.145,21381.41567,38353.49034,0,751489.08,0,0,1734194.103,998062.878,0,4012433.501,1341174.297,0,235373.609,486004.2996,14382.55888,5110722.662,0,0,0,0,97082.29766,722214.6332,348777.2295,7331802.232,0,0,0,0,0,8311304.638,79104.12431,22314443.69,0,0,0,458365.3416,303214.5261,0,0,0,0,3523124.355
M74D8,5,74,8,10 ng/mL,6,3,0.141080569,1756961.022,yes,538502.4443,16524870.72,247873060.7,26385,4733811.244,694068.9411,1071036.071,52139.76668,0,0,293577.135,0,0,1335715.653,2004153.371,0,5577436.922,2773716.901,0,17801.7479,229699.9477,21137.56116,3479737.573,0,28372.56531,0,0,659961.4665,483835.3422,1892985.496,5512501.564,0,0,0,0,0,6222485.867,110385.0003,12713380.46,0,0,13357.06866,116694.1585,276926.5119,0,0,0,0,3848574.415
M75D0,5,75,0,100 ng/mL,6,3,0.151626483,1634760.998,yes,330497.4143,16524870.72,247873060.7,23771,10615577.9,1091389.942,24014773.24,2066.905116,0,0,839416.9768,0,0,2877228.732,0,0,4459104.312,2752870.652,0,4490.751042,0,0,16435.72034,0,0,0,0,432742.9243,563892.7025,1243484.21,152817.3746,0,0,0,0,0,551341.1999,0,6225.387414,0,0,34593.7204,0,85599.21568,0,0,0,0,92007.66814
M75D14,5,75,14,100 ng/mL,6,3,0.135276036,605352.8938,yes,109186.3198,5459315.99,81889739.85,23270,2115794.069,74190.2404,1786386.184,0,0,0,344872.989,0,0,940602.2163,0,0,5951843.748,6189238.494,0,0,0,0,0,0,0,4222.939238,0,625522.1889,460656.3217,1723485.183,0,0,0,0,0,0,13146.1035,0,3151.447193,0,0,0,0,0,0,0,0,0,2957.238069
M75D3,5,75,3,100 ng/mL,6,3,0.186642827,1037690.483,yes,258236.6471,12911832.36,193677485.3,25446,17580886.6,71001.04597,296895.2226,0,0,0,1092223.503,0,0,5191667.622,0,0,10854693.17,7021436.794,0,0,0,0,0,0,0,0,0,551820.2261,1365463.095,1611695.668,39368.8447,0,0,0,0,0,0,0,0,0,0,3607.266112,0,0,0,0,0,0,0
M75D5,5,75,5,100 ng/mL,6,3,0.157241697,509004.6464,yes,106715.6725,5335783.625,80036754.38,31479,244876.2058,106729.9378,118111.1041,0,0,0,6.43E+05,0,0,2446283.412,0,0,4993465.537,6762532.401,0,0,0,0,0,0,0,0,0,1090115.902,659097.3479,3361879.298,0,0,0,0,0,0,13881.70807,0,8348.65774,0,0,0,0,0,0,0,0,0,6409.767014
M75D8,5,75,8,100 ng/mL,6,3,0.163846243,694854.1969,yes,151798.9994,7589949.97,113849249.6,24573,4608418.806,0,0,0,0,0,867548.6151,0,0,2230753.481,0,0,10429352.27,7384008.527,0,0,0,0,0,0,0,0,0,715814.4624,707890.4957,2060572.738,0,0,0,0,0,0,7988.09519,0,0,0,0,0,0,0,0,0,0,0,0
M76D0,5,76,0,800 ng/mL,6,3,0.197075774,452886.2433,yes,119003.8759,5950193.795,89252906.93,24078,4407170.586,0,0,0,0,0,531929.2292,0,0,3234699.666,0,0,4537241.559,6735299.099,0,0,0,0,0,0,0,0,0,379949.4463,945001.4661,1031423.751,0,0,0,0,0,0,0,0,0,0,0,0,0,0,0,0,0,0,0
M76D14,5,76,14,800 ng/mL,6,3,0.160166221,1105978.03,yes,236187.0953,11809354.77,177140321.5,26533,18302163.97,125802.0158,0,0,0,0,677637.0143,0,0,4379384.839,0,0,9054005.846,5092291.881,0,0,0,0,0,0,0,0,0,622558.1541,1326649.331,1760854.774,0,0,0,0,0,6676.223862,0,0,0,0,0,0,0,0,0,0,0,0,0
M76D3,5,76,3,800 ng/mL,6,3,0.118867732,4448620.353,yes,705063.2158,35253160.79,528797411.9,28502,82112202.18,221528.2316,618433.0736,0,0,0,1818193.357,0,0,2905108.636,0,0,14658536.28,10927713,0,0,0,0,0,0,0,0,0,375698.1344,1839373.91,927649.6019,0,0,0,0,0,0,0,0,0,0,0,0,0,0,0,0,0,0,0
M76D5,5,76,5,800 ng/mL,6,3,0.147268519,1729125.331,yes,339527.6355,16976381.78,254645726.6,28462,12828120.48,0,25381.1807,0,0,0,3453490.639,0,0,6376943.865,0,0,15215047.22,17819922.19,0,0,0,0,0,0,0,0,0,1205590.335,2668700.658,3522828.824,0,0,0,0,0,0,5141.875296,0,0,0,0,0,0,0,0,0,0,0,0
M76D8,5,76,8,800 ng/mL,6,3,0.17688069,1447622.549,yes,341408.6339,17070431.7,256056475.4,26324,33616338.22,119774.1426,576038.1309,0,0,0,680897.7618,0,0,2944152.37,0,0,9379505.712,7754939.41,0,0,0,0,0,0,0,0,0,316131.1014,1386008.975,972711.1157,0,0,0,0,0,0,16770.88977,0,58072.30924,0,0,0,0,0,0,0,0,0,0
M76FECAL,5,76,Gut,800 ng/mL,6,3,0.160166221,1105978.03,yes,236187.0953,11809354.76,177140321.5,26533,18302163.97,125802.0158,0,0,0,0,677637.0142,0,0,4379384.839,0,0,9054005.845,5092291.881,0,0,0,0,0,0,0,0,0,622558.1541,1326649.331,1760854.774,0,0,0,0,0,6676.223862,0,0,0,0,0,0,0,0,0,0,0,0,0
M76GUT,5,76,Gut,800 ng/mL,,,,,yes,254152.9557,25415295.57,3812294335,25207,15588826.99,0,0,0,0,0,73880501.03,0,0,246371028.3,0,0,305612812.4,248940233.4,0,0,0,0,0,0,0,0,0,12363829.98,13111751.53,37469588.54,0,0,0,0,0,0,0,0,0,0,0,0,0,0,0,0,0,0,0
M8D0,2,8,0,Control,1,1,0.139021242,1962644.732,yes,363799.0776,18189953.88,272849308.2,27903,18034.10921,0,0,0,0,0,11365054.24,0,0,29852574.12,0,0,3749890.783,0,0,0,0,0,0,0,0,0,0,0,0,17432609.55,0,0,0,0,0,0,0,0,0,0,0,0,0,0,0,0,0,0,0
M8D14,2,8,14,Control,1,1,0.067064168,2980740.179,yes,266534.4801,13326724,199900860.1,24417,5593300.249,261188.2634,555958.0694,17850.65151,0,0,998808.3954,0,0,2119174.602,86831.36062,0,253230.0873,0,0,5641.319353,692742.2617,0,1397947.5,0,0,0,0,0,0,587413.9747,3063050.089,0,0,0,0,0,12332187.87,0,11361537.3,0,0,1188595.703,0,0,0,0,0,0,976930.7057
M8D3,2,8,3,Control,1,1,0.165744838,492272.202,yes,108788.7685,5439438.425,81591576.37,28140,486614.8032,24342.70981,48324.79556,0,0,0,2866143.326,0,0,8542749.085,0,0,1449743.704,0,0,0,0,0,0,0,0,0,0,0,0,5153838.908,0,0,0,0,0,0,17496.91497,0,45439.72498,0,0,0,0,0,0,0,0,0,9746.182362
M8D5,2,8,5,Control,1,1,0.089343832,489557.9311,yes,58318.64206,2915932.103,43738981.55,20077,1307136.972,53651.14056,39013.24827,0,0,0,1542966.263,0,0,3854171.354,0,0,615623.5646,0,0,0,30523.80102,0,0,0,0,0,0,0,0,1786420.529,132090.945,0,0,0,0,0,400028.9829,0,100148.8001,0,0,0,0,0,0,0,0,0,50344.90934
M8D8,2,8,8,Control,1,1,0.029896531,926863.8321,yes,36946.68439,1847334.219,27710013.29,25561,853263.9118,0,1153.272083,0,0,0,743132.6646,0,0,3723548.522,0,0,147147.5682,0,0,0,0,0,0,0,0,0,0,0,0,485936.1285,0,0,0,0,0,0,5607.280443,0,2588.834875,0,0,0,0,0,0,0,0,0,0
M8FECAL,2,8,Gut,Control,1,1,0.067064168,2980740.179,yes,266534.4801,13326724,199900860.1,24417,5593300.249,261188.2634,555958.0694,17850.65151,0,0,998808.3954,0,0,2119174.602,86831.36062,0,253230.0873,0,0,5641.319353,692742.2617,0,1397947.5,0,0,0,0,0,0,587413.9747,3063050.089,0,0,0,0,0,12332187.87,0,11361537.3,0,0,1188595.703,0,0,0,0,0,0,976930.7057
M8GUT,2,8,Gut,Control,,,,,yes,686643.5359,68664353.59,10299653039,21780,138961357,0,0,0,0,0,1088486060,74706.97942,0,818906233.7,0,0,197820638.7,0,0,0,0,0,0,0,0,0,0,0,0,155464229.8,0,0,0,0,0,0,0,0,423487.9132,0,0,522949.0186,0,0,0,0,0,0,0
M9D0,2,9,0,DMSO,1,1,0.129053149,1237995.012,yes,213022.8729,10651143.65,159767154.7,24709,162973.7273,0,0,0,0,0,5348957.008,0,0,18908246.73,0,0,1386392.871,0,0,0,0,0,0,0,0,0,0,0,0,10261462.38,0,0,0,0,0,0,0,0,2895.195455,0,0,0,0,0,0,0,0,0,0
M9D14,2,9,14,DMSO,1,1,0.088669271,13392804.58,yes,1583373.626,79168681.28,1187530219,22715,27586038.63,546204.3027,19919995.74,25906.6367,0,0,2352580.194,0,0,7852691.16,79211.50434,0,3139913.704,0,0,243160.7743,201075.2919,0,6821063.561,0,0,0,0,0,0,2300300.661,10801438.07,0,0,0,0,0,42709997.3,0,90498260.22,0,0,2097789.579,2702531.805,0,0,0,0,0,0
M9D3,2,9,3,DMSO,1,1,0.148864186,623590.7674,yes,123773.776,6188688.8,92830331.99,21662,194950.5643,0,35711.66412,0,0,0,3689729.294,0,0,10561835.3,0,0,691068.9948,0,0,0,0,0,0,0,0,0,0,0,0,5809930.865,0,0,0,0,0,0,0,0,7035.735559,0,0,0,0,0,0,0,0,0,0
M9D5,2,9,5,DMSO,1,1,0.099616368,1644804.632,yes,218465.9513,10923297.56,163849463.5,23325,286455.1295,0,12455.02859,0,0,0,5103392.736,0,0,19846744.06,0,0,1710802.977,0,0,0,0,0,0,0,0,0,0,0,0,9920531.817,0,0,0,0,0,0,6055.697254,0,16775.22599,0,0,0,0,0,0,0,0,0,0
M9D8,2,9,8,DMSO,1,1,0.148446753,15260502.04,yes,3020495.97,151024798.5,2265371977,26248,62890527.55,5104318.811,43857148.41,76982.9078,0,0,6472984.406,0,0,18220253.04,0,0,2280771.064,0,0,282484.4709,0,0,1496381.74,0,0,0,0,0,0,1898741.911,5753764.255,0,0,0,0,0,19418953.47,0,217002781.3,0,0,0,0,0,0,0,0,0,0