samp_id,sc_id,mc_id,day,treatment,mc_round,age,final_fecal_volume_mL,gene_count_per_microlitre_feces,qpcr_complete,genecount_1µL_qpcr,genecount_total_predf,genecount_total,total_seq
M10D0,2,10,0,1 ng/mL,1,1,0.16045,952160.2499,yes,203698.8162,10184940.81,152774112.1,27478
M10D14,2,10,14,1 ng/mL,1,1,0.16747,16561761.18,yes,3698130.86,184906543,2773598145,24165
M10D3,2,10,3,1 ng/mL,1,1,0.09878,2614810.68,yes,344387.9986,17219399.93,258290999,27524
M10D5,2,10,5,1 ng/mL,1,1,0.09573,8032701.389,yes,1025294.005,51264700.26,768970504,36042
M10D8,2,10,8,1 ng/mL,1,1,0.07844,805009.0196,yes,84193.20999,4209660.5,63144907.5,28100
M11D0,2,11,0,10 ng/mL,1,1,0.23571,998781.8395,yes,313897.1565,15694857.82,235422867.4,21224
M11D14,2,11,14,10 ng/mL,1,1,0.1134,7908608.712,yes,1195781.637,59789081.86,896836227.9,20556
M11D3,2,11,3,10 ng/mL,1,1,0.21306,854338.2038,yes,242700.3969,12135019.84,182025297.7,20504
M11D5,2,11,5,10 ng/mL,1,1,0.16969,538272.2041,yes,121785.8804,6089294.021,91339410.32,23128
M11D8,2,11,8,10 ng/mL,1,1,0.18417,5848262.29,yes,1436099.288,71804964.41,1077074466,22354
M12D0,2,12,0,100 ng/mL,1,1,0.21308,1098711.896,yes,312151.3745,15607568.73,234113530.9,25754
M12D14,2,12,14,100 ng/mL,1,1,0.14803,5244358.128,yes,1035096.445,51754822.24,776322333.7,28957
M12D3,2,12,3,100 ng/mL,1,1,0.13925,875948.2399,yes,162634.3899,8131719.494,121975792.4,21733
M12D5,2,12,5,100 ng/mL,1,1,0.13705,778421.957,yes,142243.6389,7112181.947,106682729.2,28052
M12D8,2,12,8,100 ng/mL,1,1,0.09647,4475690.956,yes,575693.2086,28784660.43,431769906.5,27857
M13D0,2,13,0,800 ng/mL,1,1,0.21667,962350.2192,yes,278016.5626,13900828.13,208512422,20112
M13D14,2,13,14,800 ng/mL,1,1,0.11074,4475266.104,yes,660787.9578,33039397.89,495590968.4,28465
M13D3,2,13,3,800 ng/mL,1,1,0.14211,1422720.747,yes,269577.127,13478856.35,202182845.3,27317
M13D5,2,13,5,800 ng/mL,1,1,0.09785,1422982.646,yes,185651.8025,9282590.124,139238851.9,23356
M13D8,2,13,8,800 ng/mL,1,1,0.1328,2954512.467,yes,523145.6741,26157283.71,392359255.6,26828
M13FECAL,2,13,Gut,800 ng/mL,1,1,,,yes,660787.9578,33039397.89,495590968.4,28465
M13GUT,2,13,Gut,800 ng/mL,,,,,yes,565684.8293,56568482.93,8485272439,17303
M15D0,1,15,0,Control,2,3,0.150232799,1485727.955,yes,297606.759,14880337.95,223205069.2,26139
M15D14,1,15,14,Control,2,3,0.076720324,1093870.658,yes,111896.1484,5594807.418,83922111.27,24306
M15D3,1,15,3,Control,2,3,0.153982301,687752.1469,yes,141202.2107,7060110.537,105901658.1,24613
M15D5,1,15,5,Control,2,3,0.137422969,1117977.112,yes,204847.6453,10242382.26,153635734,28654
M15D8,1,15,8,Control,2,3,0.181585033,1345745.064,yes,325822.8824,16291144.12,244367161.8,24328
M16D0,1,16,0,DMSO,2,3,0.069133558,1428185.551,yes,131647.3981,6582369.907,98735548.6,19959
M16D14,1,16,14,DMSO,2,3,0.036273744,15759591.34,yes,762212.5089,38110625.45,571659381.7,24764
M16D3,1,16,3,DMSO,2,3,0.187471432,,,,,,
M16D5,1,16,5,DMSO,2,3,0.055292259,275219.1975,yes,20289.9882,1014499.41,15217491.15,26857
M16D8,1,16,8,DMSO,2,3,,,yes,26461.2968,1323064.84,19845972.6,25805
M17D0,1,17,0,1 ng/mL,2,3,0.10132463,1689351.378,yes,228230.5377,11411526.88,171172903.3,22275
M17D14,1,17,14,1 ng/mL,2,3,0.102196011,558195.1757,yes,76060.42709,3803021.354,57045320.32,25605
M17D3,1,17,3,1 ng/mL,2,3,0.066094276,639168.8634,yes,56327.20436,2816360.218,42245403.27,23559
M17D5,1,17,5,1 ng/mL,2,3,0.120380923,277960.8731,yes,44614.91527,2230745.764,33461186.46,24091
M17D8,1,17,8,1 ng/mL,2,3,0.140534682,791278.1202,yes,148269.3587,7413467.937,111202019,22765
M18D0,1,18,0,10 ng/mL,2,3,0.098051775,945055.1535,yes,123552.447,6177622.352,92664335.27,30921
M18D14,1,18,14,10 ng/mL,2,3,0.19237098,672010.5616,yes,172367.107,8618355.35,129275330.3,21499
M18D3,1,18,3,10 ng/mL,2,3,0.101420176,1016228.887,yes,137421.4834,6871074.171,103066112.6,28516
M18D5,1,18,5,10 ng/mL,2,3,0.127830737,721246.1059,yes,122929.895,6146494.751,92197421.27,22696
M18D8,1,18,8,10 ng/mL,2,3,0.129024225,468759.8451,yes,80641.83431,4032091.715,60481375.73,25813
M19D0,1,19,0,100 ng/mL,2,3,0.109654273,643143.0874,yes,94031.18357,4701559.178,70523387.68,22594
M19D14,1,19,14,100 ng/mL,2,3,0.066188548,1746738.777,yes,154152.1378,7707606.892,115614103.4,29986
M19D3,1,19,3,100 ng/mL,2,3,0.144471744,356274.4056,yes,68628.77963,3431438.981,51471584.72,24587
M19D5,1,19,5,100 ng/mL,2,3,0.007731272,17945245.04,yes,184986.094,9249304.702,138739570.5,27040
M19D8,1,19,8,100 ng/mL,2,3,0.085944218,21366.97225,yes,2448.490295,122424.5147,1836367.721,19180
M1D0,1,1,0,Control,1,1,0.2388904,462448.1247,yes,147299.2234,7364961.169,110474417.5,22504
M1D14,1,1,14,Control,1,1,0.224173394,776999.9525,yes,232243.6221,11612181.1,174182716.5,21018
M1D3,1,1,3,Control,1,1,0.292651449,422606.9453,yes,164902.0466,8245102.329,123676534.9,24774
M1D5,1,1,5,Control,1,1,0.084162896,628326.7302,yes,70509.063,3525453.15,52881797.25,24123
M1D8,1,1,8,Control,1,1,0.175102459,480875.5564,yes,112269.9898,5613499.492,84202492.39,24958
M20D0,1,20,0,800 ng/mL,2,3,0.127237282,379157.3656,yes,64323.93686,3216196.843,48242952.65,29177
M20D14,1,20,14,800 ng/mL,2,3,0.204074667,455287.7349,yes,123883.5905,6194179.526,92912692.89,25849
M20D3,1,20,3,800 ng/mL,2,3,0.067115385,2286667.057,yes,204627.3865,10231369.32,153470539.9,21403
M20D5,1,20,5,800 ng/mL,2,3,0.192698857,596774.148,yes,153330.2616,7666513.08,114997696.2,28498
M20D8,1,20,8,800 ng/mL,2,3,0.098888614,735626.8192,yes,96993.48876,4849674.438,72745116.57,33694
M22D0,2,22,0,Control,2,3,0.133224122,563973.8741,yes,100179.8989,5008994.947,75134924.21,20511
M22D14,2,22,14,Control,2,3,0.165609349,392809.5403,yes,86737.243,4336862.15,65052932.25,28233
M22D3,2,22,3,Control,2,3,0.071550449,3487441.665,yes,332704.0227,16635201.13,249528017,21120
M22D5,2,22,5,Control,2,3,0.09323124,587589.1283,yes,73042.21739,3652110.87,54781663.04,15999
M22D8,2,22,8,Control,2,3,0.141888312,1242945.941,yes,235146.0019,11757300.1,176359501.5,31588
M23D0,2,23,0,DMSO,2,3,0.084809715,3947228.122,yes,446351.0561,22317552.81,334763292.1,26707
M23D14,2,23,14,DMSO,2,3,0.050073819,1328858.159,yes,88721.33727,4436066.864,66541002.95,26539
M23D3,2,23,3,DMSO,2,3,0.068305282,1080875.172,yes,98439.31129,4921965.564,73829483.46,17876
M23D5,2,23,5,DMSO,2,3,0.106235113,945728.8034,yes,133959.4751,6697973.755,100469606.3,25524
M23D8,2,23,8,DMSO,2,3,0.077911857,3669069.601,yes,381152.0347,19057601.74,285864026.1,26905
M24D0,2,24,0,1 ng/mL,2,3,0.063254806,2058080.007,yes,173577.9354,8678896.771,130183451.6,22263
M24D14,2,24,14,1 ng/mL,2,3,0.056814284,2438998.094,yes,184759.9071,9237995.357,138569930.4,26266
M24D3,2,24,3,1 ng/mL,2,3,0.090936347,724951.6289,yes,87899.27051,4394963.525,65924452.88,23668
M24D5,2,24,5,1 ng/mL,2,3,0.10782241,369655.8842,yes,53142.91775,2657145.888,39857188.31,22931
M24D8,2,24,8,1 ng/mL,2,3,0.074940207,890700.2352,yes,88999.01334,4449950.667,66749260,24613
M25D0,2,25,0,10 ng/mL,2,3,0.181782528,1965795.343,yes,476462.996,23823149.8,357347247,24444
M25D14,2,25,14,10 ng/mL,2,3,0.154202401,303102.1839,yes,62318.77935,3115938.967,46739084.51,27677
M25D3,2,25,3,10 ng/mL,2,3,0.121624154,704276.5745,yes,114209.3901,5710469.503,85657042.55,22470
M25D5,2,25,5,10 ng/mL,2,3,0.146487533,976593.4266,yes,190745.0157,9537250.786,143058761.8,25683
M25D8,2,25,8,10 ng/mL,2,3,0.14081907,,,,,,
M26D0,2,26,0,100 ng/mL,2,3,0.06626336,3207248.827,yes,283364.1115,14168205.58,212523083.6,27169
M26D14,2,26,14,100 ng/mL,2,3,0.069429756,1775965.883,yes,164406.5038,8220325.192,123304877.9,27079
M26D3,2,26,3,100 ng/mL,2,3,0.091660971,1788298.469,yes,218556.2321,10927811.61,163917174.1,21909
M26D5,2,26,5,100 ng/mL,2,3,0.113280689,413827.3097,yes,62504.85702,3125242.851,46878642.77,22601
M26D8,2,26,8,100 ng/mL,2,3,0.160088057,618455.3097,yes,132009.7452,6600487.258,99007308.87,23104
M27D0,2,27,0,800 ng/mL,2,3,0.056670404,1488735.427,yes,112489.6508,5624482.54,84367238.1,24235
M27D14,2,27,14,800 ng/mL,2,3,0.175770783,1366382.034,yes,320226.72,16011336,240170040,18713
M27D3,2,27,3,800 ng/mL,2,3,0.098145104,1437828.846,yes,188154.4822,9407724.108,141115861.6,25218
M27D5,2,27,5,800 ng/mL,2,3,0.162861611,530254.1858,yes,115144.0679,5757203.396,86358050.94,25734
M27D8,2,27,8,800 ng/mL,2,3,0.111111111,601143.4795,yes,89058.29317,4452914.658,66793719.88,26799
M29D0,3,29,0,Control,3,1,0.16812291,253262.1018,yes,56772.2154,2838610.77,42579161.55,22404
M29D14,3,29,14,Control,3,1,0.053580844,5128794.156,yes,366406.8261,18320341.31,274805119.6,30699
M29D3,3,29,3,Control,3,1,0.088631356,539038.3069,yes,63700.92811,3185046.406,47775696.08,27786
M29D5,3,29,5,Control,3,1,0.06478814,463962.1148,yes,40078.98994,2003949.497,30059242.45,17626
M29D8,3,29,8,Control,3,1,0.066051567,789465.0484,yes,69527.20473,3476360.236,52145403.54,27824
M2D0,1,2,0,DMSO,1,1,0.165116934,281860.228,yes,62053.19555,3102659.778,46539896.67,27449
M2D14,1,2,14,DMSO,1,1,0.08682243,726387.5053,yes,84088.97111,4204448.555,63066728.33,25606
M2D3,1,2,3,DMSO,1,1,0.099208162,1266018.988,yes,167465.8893,8373294.463,125599416.9,26068
M2D5,1,2,5,DMSO,1,1,0.133384629,424307.5497,yes,75461.47346,3773073.673,56596105.1,26476
M2D8,1,2,8,DMSO,1,1,0.132798974,504195.2702,yes,89275.4861,4463774.305,66956614.58,25771
M30D0,3,30,0,DMSO,3,1,0.15476691,419646.2994,yes,86596.4814,4329824.07,64947361.05,21888
M30D14,3,30,14,DMSO,3,1,0.160104807,1303800.412,yes,278326.2845,13916314.23,208744713.4,25069
M30D3,3,30,3,DMSO,3,1,0.15393642,1301852.341,yes,267203.3183,13360165.92,200402488.8,20086
M30D5,3,30,5,DMSO,3,1,0.091298897,880245.5328,yes,107153.9283,5357696.415,80365446.23,30047
M30D8,3,30,8,DMSO,3,1,0.178455905,823012.9964,yes,195828.7055,9791435.276,146871529.1,29322
M31D0,3,31,0,1 ng/mL,3,1,0.168581175,551884.629,yes,124049.8123,6202490.615,93037359.22,22188
M31D14,3,31,14,1 ng/mL,3,1,0.164612326,1194678.318,yes,262211.7024,13110585.12,196658776.8,22889
M31D3,3,31,3,1 ng/mL,3,1,0.181675978,1367134.771,yes,331167.3954,16558369.77,248375546.6,29905
M31D5,3,31,5,1 ng/mL,3,1,0.191841661,1128010.318,yes,288532.4975,14426624.88,216399373.1,27089
M31D8,3,31,8,1 ng/mL,3,1,0.166634569,567719.6688,yes,126135.6298,6306781.488,94601722.32,21039
M32D0,3,32,0,10 ng/mL,3,1,0.171858183,1309.384413,yes,300.0379013,15001.89507,225028.426,19056
M32D14,3,32,14,10 ng/mL,3,1,0.079124662,6086899.358,yes,642165.1391,32108256.95,481623854.3,26572
M32D3,3,32,3,10 ng/mL,3,1,0.173507463,217426.9513,yes,50300.26495,2515013.247,37725198.71,30199
M32D5,3,32,5,10 ng/mL,3,1,0.131137217,1735506.38,yes,303452.6356,15172631.78,227589476.7,26180
M32D8,3,32,8,10 ng/mL,3,1,0.121241234,1061008.625,yes,171517.3267,8575866.334,128637995,24536
M33D0,3,33,0,100 ng/mL,3,1,0.111200119,456657.1175,yes,67707.10109,3385355.054,50780325.81,29098
M33D14,3,33,14,100 ng/mL,3,1,0.187244952,1315387.825,yes,328399.6403,16419982.01,246299730.2,21958
M33D3,3,33,3,100 ng/mL,3,1,0.105591613,1871924.586,yes,263546.0485,13177302.43,197659536.4,22137
M33D5,3,33,5,100 ng/mL,3,1,0.132104228,1210737.126,yes,213257.9911,10662899.56,159943493.3,27197
M33D8,3,33,8,100 ng/mL,3,1,0.055036855,659931.1147,yes,48427.37743,2421368.872,36320533.07,24176
M34D0,3,34,0,800 ng/mL,3,1,0.079890051,165625.6369,yes,17642.45411,882122.7056,13231840.58,25031
M34D14,3,34,14,800 ng/mL,3,1,0.117936571,1812762.44,yes,285054.6483,14252732.41,213790986.2,33150
M34D3,3,34,3,800 ng/mL,3,1,0.116836283,974135.6484,yes,151752.5177,7587625.884,113814388.3,24203
M34D5,3,34,5,800 ng/mL,3,1,0.052091879,2648111.081,yes,183926.776,9196338.8,137945082,21716
M34D8,3,34,8,800 ng/mL,3,1,0.076826535,442215.9823,yes,45298.56218,2264928.109,33973921.64,22207
M36D0,4,36,0,Control,3,1,0.101356529,2765549.349,yes,373741.977,18687098.85,280306482.8,24969
M36D14,4,36,14,Control,3,1,0.044072217,4550625.304,yes,267408.1945,13370409.72,200556145.9,30969
M36D3,4,36,3,Control,3,1,0.083322949,1902097.463,yes,211317.8265,10565891.32,158488369.9,22516
M36D5,4,36,5,Control,3,1,0.150354831,173193.3911,yes,34720.6174,1736030.87,26040463.05,29713
M36D8,4,36,8,Control,3,1,0.096511527,2110603.087,yes,271596.7024,13579835.12,203697526.8,20630
M37D0,4,37,0,DMSO,3,1,0.082785505,1407748.635,yes,155388.2423,7769412.115,116541181.7,21063
M37D14,4,37,14,DMSO,3,1,0.071273269,3098664.83,yes,294469.296,14723464.8,220851972,25175
M37D3,4,37,3,DMSO,3,1,0.073104631,1628317.578,yes,158716.7409,7935837.047,119037555.7,25288
M37D5,4,37,5,DMSO,3,1,0.170151216,446443.8784,yes,101283.9584,5064197.919,75962968.79,29029
M37D8,4,37,8,DMSO,3,1,0.102141764,1368643.743,yes,186394.2483,9319712.414,139795686.2,22552
M38D0,4,38,0,1 ng/mL,3,1,0.058016707,1834551.942,yes,141912.8833,7095644.167,106434662.5,24382
M38D14,4,38,14,1 ng/mL,3,1,0.12051003,302875.1028,yes,48665.98364,2433299.182,36499487.73,23731
M38D3,4,38,3,1 ng/mL,3,1,0.068324226,174833.6265,yes,15927.16294,796358.1472,11945372.21,24140
M38D5,4,38,5,1 ng/mL,3,1,0.110814889,483697.921,yes,71467.90856,3573395.428,53600931.42,27272
M38D8,4,38,8,1 ng/mL,3,1,0.057401266,1929276.891,yes,147657.248,7382862.399,110742936,22242
M39D0,4,39,0,10 ng/mL,3,1,0.105984496,3864.649837,yes,546.1239536,27306.19768,409592.9652,25772
M39D14,4,39,14,10 ng/mL,3,1,0.12276772,1478496.089,yes,242015.4585,12100772.93,181511593.9,31571
M39D3,4,39,3,10 ng/mL,3,1,0.198068146,957755.5303,yes,252934.483,12646724.15,189700862.2,23763
M39D5,4,39,5,10 ng/mL,3,1,0.054210377,1396808.434,yes,100962.0157,5048100.785,75721511.78,22382
M39D8,4,39,8,10 ng/mL,3,1,0.034452268,3972687.917,yes,182490.8118,9124540.59,136868108.8,31500
M3D0,1,3,0,1 ng/mL,1,1,0.108709828,,,,,,
M3D14,1,3,14,1 ng/mL,1,1,0.097507508,795241.5729,yes,103389.3654,5169468.269,77542024.03,27392
M3D3,1,3,3,1 ng/mL,1,1,0.070503597,936295.2568,yes,88016.24461,4400812.23,66012183.46,21132
M3D5,1,3,5,1 ng/mL,1,1,0.087743474,664192.4311,yes,77704.73508,3885236.754,58278551.31,24575
M3D8,1,3,8,1 ng/mL,1,1,0.072966145,248868.4338,yes,24211.96031,1210598.015,18158970.23,24832
M40D0,4,40,0,100 ng/mL,3,1,0.130909091,818830.8549,yes,142923.2038,7146160.191,107192402.9,27091
M40D14,4,40,14,100 ng/mL,3,1,0.120481694,996530.6157,yes,160084.9289,8004246.446,120063696.7,22495
M40D3,4,40,3,100 ng/mL,3,1,0.070408013,1250666.139,yes,117409.2237,5870461.187,88056917.8,19776
M40D5,4,40,5,100 ng/mL,3,1,0.076461838,1165466.378,yes,118818.2685,5940913.427,89113701.4,28836
M40D8,4,40,8,100 ng/mL,3,1,0.120548492,707424.0734,yes,113705.207,5685260.35,85278905.25,22000
M41D0,4,41,0,800 ng/mL,3,1,0.126255493,1327311.059,yes,223440.4162,11172020.81,167580312.1,19616
M41D14,4,41,14,800 ng/mL,3,1,0.076016358,1569927.477,yes,159120.2254,7956011.27,119340169.1,10191
M41D3,4,41,3,800 ng/mL,3,1,0.130926019,3032457.35,yes,529370.0915,26468504.58,397027568.6,27968
M41D5,4,41,5,800 ng/mL,3,1,0.113194967,582724.3672,yes,87948.62068,4397431.034,65961465.51,29154
M41D8,4,41,8,800 ng/mL,3,1,0.130890607,725214.7326,yes,126565.0621,6328253.103,94923796.55,19284
M43D0,3,43,0,Control,4,3,0.146021384,403932.2743,yes,78643.66631,3932183.315,58982749.73,30178
M43D14,3,43,14,Control,4,3,0.199621411,250608.9654,yes,66702.55373,3335127.686,50026915.29,23968
M43D3,3,43,3,Control,4,3,0.124616086,550281.7777,yes,91431.94845,4571597.423,68573961.34,30372
M43D5,3,43,5,Control,4,3,0.128632528,1145705.295,yes,196499.9578,9824997.891,147374968.4,21774
M43D8,3,43,8,Control,4,3,0.177707752,713802.8109,yes,169131.0572,8456552.861,126848292.9,18737
M43FECAL,3,43,Gut,Control,4,3,,,yes,66702.55373,3335127.686,50026915.29,23968
M43GUT,3,43,Gut,Control,,,,,yes,252651.4217,25265142.17,3789771326,24931
M44D0,3,44,0,DMSO,4,3,0.233004823,252611.9743,yes,78479.74448,3923987.224,58859808.36,26393
M44D14,3,44,14,DMSO,4,3,0.246444555,843883.2272,yes,277293.9019,13864695.1,207970426.4,31416
M44D3,3,44,3,DMSO,4,3,0.110579424,341587.4794,yes,50363.39562,2518169.781,37772546.72,23634
M44D5,3,44,5,DMSO,4,3,0.144378508,706865.632,yes,136074.9404,6803747.02,102056205.3,30533
M44D8,3,44,8,DMSO,4,3,0.164135266,1361589.924,yes,297979.899,14898994.95,223484924.3,18270
M45D0,3,45,0,1 ng/mL,4,3,0.119949075,892031.4008,yes,142664.4552,7133222.76,106998341.4,21977
M45D14,3,45,14,1 ng/mL,4,3,0.167737737,994397.0956,yes,222397.2246,11119861.23,166797918.5,26556
M45D3,3,45,3,1 ng/mL,4,3,0.16498391,583392.9624,yes,128333.936,6416696.8,96250452,22756
M45D5,3,45,5,1 ng/mL,4,3,0.081178115,1016326.037,yes,110004.5759,5500228.795,82503431.93,27559
M45D8,3,45,8,1 ng/mL,4,3,0.187723087,559490.2863,yes,140038.9916,7001949.58,105029243.7,27227
M46D0,3,46,0,10 ng/mL,4,3,0.258451006,922616.2157,yes,317934.7854,15896739.27,238451089.1,31047
M46D14,3,46,14,10 ng/mL,4,3,0.173362183,1846435.205,yes,426802.7172,21340135.86,320102037.9,23980
M46D3,3,46,3,10 ng/mL,4,3,0.146778209,1236248.372,yes,241939.0958,12096954.79,181454321.9,29439
M46D5,3,46,5,10 ng/mL,4,3,0.176155163,1196347.128,yes,280990.2977,14049514.89,210742723.3,20190
M46D8,3,46,8,10 ng/mL,4,3,0.251219781,530090.6444,yes,177559.0074,8877950.37,133169255.6,24360
M47D0,3,47,0,100 ng/mL,4,3,0.049410273,703620.9662,yes,46354.80537,2317740.269,34766104.03,23072
M47D14,3,47,14,100 ng/mL,4,3,0.060898441,702827.0727,yes,57068.09736,2853404.868,42801073.02,19012
M47D3,3,47,3,100 ng/mL,4,3,0.012912999,6458962.957,yes,111206.1096,5560305.48,83404582.2,27359
M47D5,3,47,5,100 ng/mL,4,3,0.085153991,1006003.088,yes,114220.2372,5711011.86,85665177.9,26478
M47D8,3,47,8,100 ng/mL,4,3,0.097983193,294071.7212,yes,38418.78161,1920939.081,28814086.21,23475
M48D0,3,48,0,800 ng/mL,4,3,0.145545171,506829.2925,yes,98355.40807,4917770.404,73766556.05,25516
M48D14,3,48,14,800 ng/mL,4,3,0.169705029,3548717.004,yes,802980.1628,40149008.14,602235122.1,25347
M48D3,3,48,3,800 ng/mL,4,3,0.137474075,648163.689,yes,118807.6048,5940380.24,89105703.6,22205
M48D5,3,48,5,800 ng/mL,4,3,0.135067848,846537.3373,yes,152453.3018,7622665.09,114339976.4,23132
M48D8,3,48,8,800 ng/mL,4,3,0.118107527,1338273.109,yes,210746.8365,10537341.83,158060127.4,23894
M48FECAL,3,48,Gut,800 ng/mL,4,3,,,yes,802980.1628,40149008.14,602235122.1,25347
M48GUT,3,48,Gut,800 ng/mL,,,,,yes,198452.3598,19845235.98,2976785397,27870
M4D0,1,4,0,10 ng/mL,1,1,0.169108803,195439.1638,yes,44067.31073,2203365.537,33050483.05,29325
M4D14,1,4,14,10 ng/mL,1,1,0.124290419,8390703.092,yes,1390512.004,69525600.21,1042884003,29086
M4D3,1,4,3,10 ng/mL,1,1,0.065360517,760706.7903,yes,66293.58547,3314679.274,49720189.1,29921
M4D5,1,4,5,10 ng/mL,1,1,0.045531915,972321.1499,yes,59028.85861,2951442.93,44271643.95,20808
M4D8,1,4,8,10 ng/mL,1,1,0.156635033,3379477.583,yes,705792.777,35289638.85,529344582.8,25514
M50D0,4,50,0,Control,4,3,0.11793473,717935.4629,yes,112892.7,5644634.999,84669524.98,20905
M50D14,4,50,14,Control,4,3,0.131032819,754160.1549,yes,131759.6414,6587982.072,98819731.08,27394
M50D3,4,50,3,Control,4,3,0.076894898,1191116.519,yes,122121.0443,6106052.214,91590783.21,26028
M50D5,4,50,5,Control,4,3,0.053987876,1421795.034,yes,102346.2587,5117312.934,76759694.02,23791
M50D8,4,50,8,Control,4,3,0.098181049,975983.7786,yes,127764.1483,6388207.413,95823111.19,25286
M51D0,4,51,0,DMSO,4,3,0.159479554,336853.5595,yes,107442.5109,5372125.544,53721255.44,22691
M51D14,4,51,14,DMSO,4,3,0.136255397,1209358.787,yes,219708.8823,10985444.12,164781661.7,27799
M51D3,4,51,3,DMSO,4,3,0.125,1211910.246,yes,201985.041,10099252.05,151488780.7,21514
M51D5,4,51,5,DMSO,4,3,0.209407666,689219.929,yes,192437.2489,9621862.444,144327936.7,23227
M51D8,4,51,8,DMSO,4,3,0.189058296,824944.1299,yes,207950.042,10397502.1,155962531.5,20668
M52D0,4,52,0,1 ng/mL,4,3,0.117749394,376570.4285,yes,59121.253,2956062.65,44340939.75,20205
M52D14,4,52,14,1 ng/mL,4,3,0.08470941,702636.5452,yes,79359.90292,3967995.146,59519927.19,26054
M52D3,4,52,3,1 ng/mL,4,3,0.122699094,689842.9305,yes,112857.4701,5642873.505,84643102.57,25243
M52D5,4,52,5,1 ng/mL,4,3,0.090693257,710238.338,yes,85885.10416,4294255.208,64413828.12,24507
M52D8,4,52,8,1 ng/mL,4,3,0.062570348,3122044.779,yes,260463.2377,13023161.89,195347428.3,20960
M53D0,4,53,0,10 ng/mL,4,3,0.094243617,407488.675,yes,51204.27549,2560213.775,38403206.62,23787
M53D14,4,53,14,10 ng/mL,4,3,0.130537679,304102.7137,yes,52929.14991,2646457.496,39696862.43,22005
M53D3,4,53,3,10 ng/mL,4,3,0.044461421,5887011.861,yes,348993.217,17449660.85,261744912.8,28715
M53D5,4,53,5,10 ng/mL,4,3,0.117750249,1094464.285,yes,171831.2561,8591562.807,128873442.1,24899
M53D8,4,53,8,10 ng/mL,4,3,0.144212077,380030.8206,yes,73073.37862,3653668.931,54805033.96,30392
M54D0,4,54,0,100 ng/mL,4,3,0.105711044,548956.2157,yes,77374.31289,3868715.645,58030734.67,21823
M54D14,4,54,14,100 ng/mL,4,3,0.140165531,182365.2327,yes,34081.75957,1704087.978,25561319.68,20675
M54D3,4,54,3,100 ng/mL,4,3,0.172485738,1096727.106,yes,252226.3791,12611318.95,189169784.3,27034
M54D5,4,54,5,100 ng/mL,4,3,0.187750459,710401.451,yes,177837.598,8891879.902,133378198.5,25421
M54D8,4,54,8,100 ng/mL,4,3,0.074719621,731750.9177,yes,72901.53498,3645076.749,54676151.24,23187
M55D0,4,55,0,800 ng/mL,4,3,0.058112667,1888812.775,yes,146351.9304,7317596.52,109763947.8,29694
M55D14,4,55,14,800 ng/mL,4,3,0.111901819,1489295.444,yes,222206.4923,11110324.61,166654869.2,22792
M55D3,4,55,3,800 ng/mL,4,3,0.113314399,1870980.889,yes,282678.7667,14133938.34,212009075,27474
M55D5,4,55,5,800 ng/mL,4,3,0.027940016,4514183.682,yes,168168.4858,8408424.288,126126364.3,26330
M55D8,4,55,8,800 ng/mL,4,3,0.147637795,154635.6053,yes,30440.07974,1522003.987,22830059.8,26584
M57D0,5,57,0,Control,5,1,0.154767609,1062139.245,yes,219179.6686,10958983.43,164384751.4,26818
M57D14,5,57,14,Control,5,1,0.166266531,1094802.232,yes,242705.2922,12135264.61,182028969.2,26166
M57D3,5,57,3,Control,5,1,0.164729459,,,,,,
M57D5,5,57,5,Control,5,1,0.09944212,519180.8874,yes,68837.93081,3441896.541,51628448.11,23365
M57D8,5,57,8,Control,5,1,0.155222584,,,,,,
M58D0,5,58,0,DMSO,5,1,0.192921453,1872424.097,yes,481641.0367,24082051.83,361230777.5,28969
M58D14,5,58,14,DMSO,5,1,0.264520525,2794286.45,yes,985528.1583,49276407.91,739146118.7,27701
M58D3,5,58,3,DMSO,5,1,0.148156706,1336475.968,yes,264010.5027,13200525.13,198007877,26123
M58D5,5,58,5,DMSO,5,1,0.1364301,1900029.031,yes,345628.201,17281410.05,259221150.7,27336
M58D8,5,58,8,DMSO,5,1,0.180515279,2331082.716,yes,561061.3958,28053069.79,420796046.8,29066
M59D0,5,59,0,1 ng/mL,5,1,0.136227358,1376127.347,yes,249954.9236,12497746.18,187466192.7,25081
M59D14,5,59,14,1 ng/mL,5,1,0.083767216,656823.2106,yes,73360.33568,3668016.784,55020251.76,23186
M59D3,5,59,3,1 ng/mL,5,1,0.086304486,875408.8776,yes,100735.6176,5036780.881,75551713.22,28926
M59D5,5,59,5,1 ng/mL,5,1,0.105596936,2546421.53,yes,358525.7484,17926287.42,268894311.3,21965
M59D8,5,59,8,1 ng/mL,5,1,0.097963143,2228426.764,yes,291071.5863,14553579.32,218303689.7,25236
M5D0,1,5,0,100 ng/mL,1,1,0.108206768,704740.4714,yes,101676.9182,5083845.912,76257688.69,22145
M5D14,1,5,14,100 ng/mL,1,1,0.139821081,6010414.193,yes,1120510.146,56025507.32,840382609.7,24441
M5D3,1,5,3,100 ng/mL,1,1,0.139594037,1467691.903,yes,273174.717,13658735.85,204881037.8,25064
M5D5,1,5,5,100 ng/mL,1,1,0.133049714,688080.7795,yes,122065.2679,6103263.394,91548950.92,22217
M5D8,1,5,8,100 ng/mL,1,1,0.151970891,575725.2922,yes,116657.9808,5832899.042,87493485.63,26005
M60D0,5,60,0,10 ng/mL,5,1,0.157208707,2291348.639,yes,480293.2759,24014663.79,360219956.9,25133
M60D14,5,60,14,10 ng/mL,5,1,0.221265512,742843.1079,yes,219154.0808,10957704.04,164365560.6,25289
M60D3,5,60,3,10 ng/mL,5,1,0.099198835,2984476.683,yes,394742.1466,19737107.33,296056610,21643
M60D5,5,60,5,10 ng/mL,5,1,0.127430933,1486327.127,yes,252538.7366,12626936.83,189404052.5,31891
M60D8,5,60,8,10 ng/mL,5,1,0.109511385,8547791.3,yes,1248107.285,62405364.26,936080463.9,35289
M61D0,5,61,0,100 ng/mL,5,1,0.17629498,1331524.146,yes,312988.0302,15649401.51,234741022.7,24925
M61D14,5,61,14,100 ng/mL,5,1,0.204586917,5013642.617,yes,1367634.248,68381712.38,1025725686,27596
M61D3,5,61,3,100 ng/mL,5,1,0.158628814,898978.5979,yes,190138.545,9506927.252,142603908.8,26748
M61D5,5,61,5,100 ng/mL,5,1,0.200398974,2700410.767,yes,721546.0627,36077303.13,541159547,28706
M61D8,5,61,8,100 ng/mL,5,1,0.208781461,1687796.468,yes,469840.8165,23492040.82,352380612.4,30039
M62D0,5,62,0,800 ng/mL,5,1,0.130175816,605945.8553,yes,105172.6615,5258633.077,78879496.16,23790
M62D14,5,62,14,800 ng/mL,5,1,0.141422222,708491.3275,yes,133595.2237,6679761.186,100196417.8,27414
M62D3,5,62,3,800 ng/mL,5,1,0.151122141,2255204.152,yes,454415.0398,22720751.99,340811279.8,28692
M62D5,5,62,5,800 ng/mL,5,1,0.193881076,861003.8032,yes,222576.4585,11128822.92,166932343.8,20662
M62D8,5,62,8,800 ng/mL,5,1,0.191509742,1034929.742,yes,264265.5037,13213275.19,198199127.8,30938
M6D0,1,6,0,800 ng/mL,1,1,0.109301548,1874291.852,yes,273150.6678,13657533.39,204863000.8,22931
M6D14,1,6,14,800 ng/mL,1,1,0.196714129,665181.9611,yes,174467.5868,8723379.342,130850690.1,24475
M6D3,1,6,3,800 ng/mL,1,1,0.0733869,1171465.559,yes,114626.9678,5731348.39,85970225.86,22012
M6D5,1,6,5,800 ng/mL,1,1,0.111434185,878618.3436,yes,130544.1587,6527207.936,97908119.04,23337
M6D8,1,6,8,800 ng/mL,1,1,0.153863819,1839417.51,yes,377359.7373,18867986.86,283019802.9,26228
M71D0,5,71,0,Control,6,3,0.209622324,728028.1985,yes,203481.2838,10174064.19,152610962.9,22910
M71D14,5,71,14,Control,6,3,0.13814595,1086367.946,yes,200103.1094,10005155.47,150077332,22708
M71D3,5,71,3,Control,6,3,0.178814602,481917.81,yes,114898.5885,5744929.427,86173941.4,23786
M71D5,5,71,5,Control,6,3,0.154507743,4105100.788,yes,845693.1433,42284657.17,634269857.5,24919
M71D8,5,71,8,Control,6,3,0.188980457,2250350.673,yes,567029.7314,28351486.57,425272298.6,17225
M71FECAL,5,71,Gut,Control,6,3,,,yes,200103.1094,10005155.47,150077332,22708
M71GUT,5,71,Gut,Control,,,,,yes,473393.9437,47339394.37,7100909156,15870
M72D0,5,72,0,DMSO,6,3,0.118242239,2145253.4,yes,338212.7536,16910637.68,253659565.2,25808
M72D14,5,72,14,DMSO,6,3,0.175520413,1207301.482,yes,282541.4062,14127070.31,211906054.7,25557
M72D3,5,72,3,DMSO,6,3,0.187831704,437574.1584,yes,109587.0664,5479353.32,82190299.8,20245
M72D5,5,72,5,DMSO,6,3,0.141518537,1087230.397,yes,205151.0069,10257550.35,153863255.2,27859
M72D8,5,72,8,DMSO,6,3,0.152737117,1513338.237,yes,308190.559,15409527.95,231142919.3,30129
M73D0,5,73,0,1 ng/mL,6,3,0.146190864,2096971.663,yes,408744.1322,20437206.61,306558099.2,21537
M73D14,5,73,14,1 ng/mL,6,3,0.158627839,703499.6417,yes,148792.8372,7439641.86,111594627.9,25580
M73D3,5,73,3,1 ng/mL,6,3,0.135646078,704824.9366,yes,127475.6511,6373782.555,95606738.33,27127
M73D5,5,73,5,1 ng/mL,6,3,0.205071665,1348035.899,yes,368591.955,18429597.75,276443966.3,31475
M73D8,5,73,8,1 ng/mL,6,3,0.180966859,2129277.524,yes,513771.5538,25688577.69,385328665.4,31334
M74D0,5,74,0,10 ng/mL,6,3,0.132177709,9219390.601,yes,1624797.237,81239861.85,1218597928,31608
M74D14,5,74,14,10 ng/mL,6,3,0.127088989,3134213.027,yes,531098.6199,26554931,398323964.9,31233
M74D3,5,74,3,10 ng/mL,6,3,0.116065265,,,,,,
M74D5,5,74,5,10 ng/mL,6,3,0.12846182,3143944.506,yes,2385809.904,26925122.22,403876833.2,28081
M74D8,5,74,8,10 ng/mL,6,3,0.141080569,1756961.022,yes,538502.4443,16524870.72,247873060.7,26385
M75D0,5,75,0,100 ng/mL,6,3,0.151626483,1634760.998,yes,330497.4143,16524870.72,247873060.7,23771
M75D14,5,75,14,100 ng/mL,6,3,0.135276036,605352.8938,yes,109186.3198,5459315.99,81889739.85,23270
M75D3,5,75,3,100 ng/mL,6,3,0.186642827,1037690.483,yes,258236.6471,12911832.36,193677485.3,25446
M75D5,5,75,5,100 ng/mL,6,3,0.157241697,509004.6464,yes,106715.6725,5335783.625,80036754.38,31479
M75D8,5,75,8,100 ng/mL,6,3,0.163846243,694854.1969,yes,151798.9994,7589949.97,113849249.6,24573
M76D0,5,76,0,800 ng/mL,6,3,0.197075774,452886.2433,yes,119003.8759,5950193.795,89252906.93,24078
M76D14,5,76,14,800 ng/mL,6,3,0.160166221,1105978.03,yes,236187.0953,11809354.77,177140321.5,26533
M76D3,5,76,3,800 ng/mL,6,3,0.118867732,4448620.353,yes,705063.2158,35253160.79,528797411.9,28502
M76D5,5,76,5,800 ng/mL,6,3,0.147268519,1729125.331,yes,339527.6355,16976381.78,254645726.6,28462
M76D8,5,76,8,800 ng/mL,6,3,0.17688069,1447622.549,yes,341408.6339,17070431.7,256056475.4,26324
M76FECAL,5,76,Gut,800 ng/mL,6,3,,,yes,236187.0953,11809354.76,177140321.5,26533
M76GUT,5,76,Gut,800 ng/mL,,,,,yes,254152.9557,25415295.57,3812294335,25207
M8D0,2,8,0,Control,1,1,0.139021242,1962644.732,yes,363799.0776,18189953.88,272849308.2,27903
M8D14,2,8,14,Control,1,1,0.067064168,2980740.179,yes,266534.4801,13326724,199900860.1,24417
M8D3,2,8,3,Control,1,1,0.165744838,492272.202,yes,108788.7685,5439438.425,81591576.37,28140
M8D5,2,8,5,Control,1,1,0.089343832,489557.9311,yes,58318.64206,2915932.103,43738981.55,20077
M8D8,2,8,8,Control,1,1,0.029896531,926863.8321,yes,36946.68439,1847334.219,27710013.29,25561
M8FECAL,2,8,Gut,Control,1,1,,,yes,266534.4801,13326724,199900860.1,24417
M8GUT,2,8,Gut,Control,,,,,yes,686643.5359,68664353.59,10299653039,21780
M9D0,2,9,0,DMSO,1,1,0.129053149,1237995.012,yes,213022.8729,10651143.65,159767154.7,24709
M9D14,2,9,14,DMSO,1,1,0.088669271,13392804.58,yes,1583373.626,79168681.28,1187530219,22715
M9D3,2,9,3,DMSO,1,1,0.148864186,623590.7674,yes,123773.776,6188688.8,92830331.99,21662
M9D5,2,9,5,DMSO,1,1,0.099616368,1644804.632,yes,218465.9513,10923297.56,163849463.5,23325
M9D8,2,9,8,DMSO,1,1,0.148446753,15260502.04,yes,3020495.97,151024798.5,2265371977,26248